country_iso3,country_name,region,income_group,expected_schooling,gdp_per_capita_ppp,health_spending_ppp,life_expectancy,obesity_prevalence,physicians_density,population,tobacco_prevalence,under5_mortality
AFG,Afghanistan,"Middle East, North Africa, Afghanistan & Pakistan",Low income,,2967.692067153,231.533667789642,60.32951348,12.547846,2.9,33831764.0,26.4,71.9
ALB,Albania,Europe & Central Asia,Upper middle income,15.0763,13876.7616296598,749.185049076799,77.76638448,19.295518,,2731293.0,25.5,9.6
ARE,United Arab Emirates,"Middle East, North Africa, Afghanistan & Pakistan",High income,,75238.5571858454,2437.34971906404,80.71356774,31.76173,23.61,8505237.0,11.2,7.6
ARG,Argentina,Latin America & Caribbean,Upper middle income,17.40955,28669.2061336796,2044.36740095168,76.5300965,28.83673,49.69,43477012.0,26.7,11.7
ARM,Armenia,Europe & Central Asia,Upper middle income,12.96795,13112.7600902915,1015.35194765081,74.27859114,21.192832,29.19,3004600.0,28.9,14.7
AUS,Australia,East Asia & Pacific,High income,23.08892,55879.9958817103,4760.54357572354,82.287472,27.004611,34.86,23815995.0,15.4,3.9
AUT,Austria,Europe & Central Asia,High income,15.95141,60951.6037273662,5247.51839437757,80.98621911,14.619385,50.98,8642699.0,31.2,3.7
AZE,Azerbaijan,Europe & Central Asia,Upper middle income,,20678.7539572375,647.518914149671,73.62700051,22.894016,33.28,9649341.0,22.4,27.9
BDI,Burundi,Sub-Saharan Africa,Low income,11.52796,992.28580552029,50.1679801684129,62.7069542,3.3372685,0.46,11047580.0,14.1,66.9
BEL,Belgium,Europe & Central Asia,High income,19.76292,57509.0245728704,5032.23017951923,80.70631194,18.389861,30.17,11274196.0,25.7,4.1
BEN,Benin,Sub-Saharan Africa,Lower middle income,12.80451,2952.00218338705,74.3508582501171,62.62662,8.8138655,,11360681.0,9.4,96.1
BFA,Burkina Faso,Sub-Saharan Africa,Low income,8.25893,2101.70266192027,86.8105637363947,60.94298433,4.3594766,0.63,18777487.0,16.5,100.8
BGD,Bangladesh,South Asia,Lower middle income,,5352.71133299566,95.7094284834595,73.19207211,3.2357212,4.76,159383179.0,39.1,38.5
BGR,Bulgaria,Europe & Central Asia,High income,14.94668,24562.648880929,1388.45076597855,74.56358707,18.698044,40.41,6984225.0,40.4,8.2
BHR,Bahrain,"Middle East, North Africa, Afghanistan & Pakistan",High income,15.99202,54149.9131524721,2283.39810616744,75.75082454,32.848486,9.27,1370322.0,17.2,7.7
BHS,"Bahamas, The",Latin America & Caribbean,High income,,32777.5849410742,1661.91509973762,72.92357543,42.025879,,385346.0,15.5,14.0
BIH,Bosnia and Herzegovina,Europe & Central Asia,Upper middle income,,14220.0900038037,1120.60829265156,76.9957646,18.461807,21.07,3518541.0,40.0,6.7
BLR,Belarus,Europe & Central Asia,Upper middle income,15.56528,25513.2132958317,1096.81250685851,73.73950531,21.69091,42.55,9461076.0,33.7,4.1
BLZ,Belize,Latin America & Caribbean,Upper middle income,12.79226,12348.7944978311,444.458802251332,74.30568158,37.289664,,356333.0,10.1,15.6
BOL,Bolivia,Latin America & Caribbean,Lower middle income,,11144.6415720641,468.504622088813,71.94895895,23.10584,,11014705.0,16.2,26.7
BRA,Brazil,Latin America & Caribbean,Upper middle income,,18357.0690617991,1320.48649469287,74.711289,21.678105,,201675532.0,15.2,16.0
BRN,Brunei Darussalam,East Asia & Pacific,High income,14.62773,81910.1882959493,1496.89287932291,76.55761257,27.06863,17.5,422212.0,15.9,10.7
BTN,Bhutan,South Asia,Lower middle income,,12400.2983237391,334.923831761654,73.07489389,8.3270825,3.39,740618.0,22.7,29.2
BWA,Botswana,Sub-Saharan Africa,Upper middle income,,15994.9643042101,863.173293373375,62.04575871,15.852104,,2203273.0,22.1,46.7
CAN,Canada,North America,High income,15.8914,55660.8455840759,4773.7481512308,81.64860674,25.112811,,35704498.0,15.9,5.3
CHE,Switzerland,Europe & Central Asia,High income,16.19401,78325.7487417695,7166.58637587459,82.58994495,10.323732,41.96,8282396.0,25.6,4.3
CHL,Chile,Latin America & Caribbean,High income,16.36504,27817.9584848024,1875.54597367726,80.12508082,32.217586,21.38,18047625.0,32.9,7.9
CHN,China,East Asia & Pacific,Upper middle income,,14857.1088234405,647.362591709039,76.5103545,5.3780992,17.97,1379860000.0,24.3,10.7
CIV,Cote d'Ivoire,Sub-Saharan Africa,Lower middle income,8.89246,5110.90021438908,141.792156353083,60.9342411,8.9025788,,25246342.0,10.8,85.5
CMR,Cameroon,Sub-Saharan Africa,Lower middle income,12.15103,4698.66677843587,144.313662066752,58.9843954,12.567165,,22763414.0,8.2,88.5
COD,"Congo, Dem. Rep.",Sub-Saharan Africa,Low income,,1433.21579814709,34.1012416388131,59.96244072,4.6812337,,81035531.0,14.3,91.9
COG,"Congo, Rep.",Sub-Saharan Africa,Lower middle income,,8977.70681641417,110.763398855406,62.05475682,8.9605339,,5097581.0,13.8,52.7
COL,Colombia,Latin America & Caribbean,Upper middle income,14.29211,16821.3801400631,999.680002005233,77.34484367,19.96593,18.81,46969940.0,9.9,15.5
COM,Comoros,Sub-Saharan Africa,Lower middle income,,3370.5557232032,135.702311793372,67.42647275,12.091873,,726682.0,16.2,48.9
CPV,Cabo Verde,Sub-Saharan Africa,Upper middle income,13.14307,7560.13649202469,298.08394938776,74.82831017,12.224144,8.0,512394.0,13.3,19.2
CRI,Costa Rica,Latin America & Caribbean,High income,15.23608,21265.3176336354,1343.15949943622,80.57423676,27.007493,18.06,4818038.0,10.5,9.0
CYP,Cyprus,Europe & Central Asia,High income,14.57015,37258.5,2136.11670471907,81.80149333,21.73705,24.98,1219502.0,34.8,2.5
CZE,Czechia,Europe & Central Asia,High income,16.86044,42066.5759800801,2489.06836173485,78.48257933,23.123886,,10546059.0,30.6,3.2
DEU,Germany,Europe & Central Asia,High income,16.78934,59668.9890355282,5336.07266430052,80.4259243,20.57406,41.2,81686611.0,26.1,3.9
DNK,Denmark,Europe & Central Asia,High income,19.23701,62059.1285991721,5074.47458938183,80.59412958,12.952186,39.3,5683483.0,22.0,4.1
DZA,Algeria,"Middle East, North Africa, Afghanistan & Pakistan",Upper middle income,,15239.5171456469,874.606874516976,76.06909233,20.160908,18.35,40019529.0,21.2,24.9
ECU,Ecuador,Latin America & Caribbean,Upper middle income,15.19845,13881.5700738105,844.972347142966,77.15293465,22.483808,18.06,16266225.0,11.3,15.3
EGY,"Egypt, Arab Rep.","Middle East, North Africa, Afghanistan & Pakistan",Lower middle income,,13425.9119599492,581.864496371668,70.05641038,39.606917,7.63,99597342.0,22.6,26.5
ESP,Spain,Europe & Central Asia,High income,17.47447,43053.761430314,3233.04254906521,82.32940416,19.09956,38.26,46422303.0,30.0,3.3
EST,Estonia,Europe & Central Asia,High income,16.11494,36353.0580520449,1938.98623101845,77.63428878,20.852143,34.17,1315407.0,32.6,3.2
ETH,Ethiopia,Sub-Saharan Africa,Low income,,1957.41454184551,62.4177160410784,67.10395358,1.7359033,,103867135.0,5.5,64.4
FIN,Finland,Europe & Central Asia,High income,19.31862,52782.4873926277,4099.9675611187,81.19884704,20.42466,26.98,5479531.0,26.8,2.5
FJI,Fiji,East Asia & Pacific,Upper middle income,,11674.0633676202,390.106130344108,67.8018416,31.667289,8.13,918578.0,28.7,20.9
FRA,France,Europe & Central Asia,High income,15.4227,50682.8953586333,4711.86798705055,81.90513823,12.536877,31.84,66548272.0,33.7,4.2
GAB,Gabon,Sub-Saharan Africa,Upper middle income,,20147.7116201795,380.1839701867,64.00078432,17.147513,,2040989.0,13.3,44.4
GBR,United Kingdom,Europe & Central Asia,High income,17.32866,50462.8329992477,4225.91644790382,80.65863594,25.606212,27.67,65087000.0,19.2,4.5
GEO,Georgia,Europe & Central Asia,Upper middle income,14.46464,14936.8434116647,1043.96680383389,72.85013916,29.186729,53.13,3725276.0,33.6,10.6
GHA,Ghana,Sub-Saharan Africa,Lower middle income,11.5566,5607.36635657413,235.842765374433,64.33720534,10.941679,1.14,28696068.0,4.5,52.5
GMB,"Gambia, The",Sub-Saharan Africa,Low income,,2495.95741601525,63.2149503666416,63.79523685,8.5227117,0.96,2224529.0,13.9,58.9
GNB,Guinea-Bissau,Sub-Saharan Africa,Low income,,2230.52993109779,140.683848350167,57.5801364,8.6569585,1.98,1786457.0,11.0,91.6
GRC,Greece,Europe & Central Asia,High income,,31347.976574604,2192.77755589205,80.41608244,25.214282,59.02,10820883.0,36.7,4.3
GTM,Guatemala,Latin America & Caribbean,Upper middle income,10.75268,10785.9583125957,536.578179396124,72.0454314,21.573517,,15971743.0,12.2,28.1
GUY,Guyana,Latin America & Caribbean,High income,,12040.08253302,458.922703832091,66.95276619,23.467669,,758781.0,16.3,33.3
HND,Honduras,Latin America & Caribbean,Lower middle income,9.88421,5812.5348879105,362.634075316857,69.52898147,25.14267,,9237305.0,13.6,20.3
HRV,Croatia,Europe & Central Asia,High income,15.22484,29466.4506365792,1569.18138814489,77.60709528,25.067911,32.1,4151725.0,34.6,4.9
HTI,Haiti,Latin America & Caribbean,Lower middle income,,3402.0283988016,153.396223389899,62.5149437,8.6905643,0.87,10523242.0,9.0,69.1
HUN,Hungary,Europe & Central Asia,High income,15.2196,31485.5675425634,1842.37776890944,75.5700037,26.965424,30.98,9797755.0,33.3,5.1
IDN,Indonesia,East Asia & Pacific,Upper middle income,13.33804,10893.6621142169,293.233792506128,70.53899644,6.7955256,2.7,261799249.0,32.0,26.1
IND,India,South Asia,Lower middle income,11.94596,6301.67346968236,195.065786039975,69.3779891,4.8691355,7.23,1328024498.0,31.6,43.7
IRL,Ireland,Europe & Central Asia,High income,18.70903,80815.6415277345,5094.93823964345,81.13790588,25.680992,31.19,4701957.0,23.4,3.7
IRN,"Iran, Islamic Rep.","Middle East, North Africa, Afghanistan & Pakistan",Upper middle income,,14841.9048340737,1147.52076688832,77.27827213,21.504161,10.95,82619362.0,14.8,15.5
IRQ,Iraq,"Middle East, North Africa, Afghanistan & Pakistan",Upper middle income,,13516.0271989173,313.40838756544,71.00605468,36.186728,7.18,37560535.0,20.8,29.3
ISL,Iceland,Europe & Central Asia,High income,19.3477,61820.3618857662,4000.06947783979,82.12605142,19.651191,37.73,330815.0,14.4,2.6
ISR,Israel,"Middle East, North Africa, Afghanistan & Pakistan",High income,16.17113,40889.5989080834,2620.64548850889,81.91113219,22.663184,34.31,8380100.0,24.1,3.9
ITA,Italy,Europe & Central Asia,High income,16.03337,47311.8255262709,3304.28620719502,82.20433624,15.456682,38.48,60229605.0,23.7,3.5
JAM,Jamaica,Latin America & Caribbean,Upper middle income,12.33967,9931.89875715182,594.375336798722,72.28943851,28.609893,4.28,2802534.0,13.6,18.7
JOR,Jordan,"Middle East, North Africa, Afghanistan & Pakistan",Upper middle income,,10469.6306302225,669.035209462499,78.50941007,36.493459,27.26,9544729.0,33.2,16.5
JPN,Japan,East Asia & Pacific,High income,,44589.3032854003,4392.67629747452,83.99957263,4.2680137,,127141000.0,22.3,2.8
KAZ,Kazakhstan,Europe & Central Asia,Upper middle income,15.11816,30893.7594851041,683.639620397393,71.97923102,17.495191,37.26,18084169.0,25.6,11.9
KEN,Kenya,Sub-Saharan Africa,Lower middle income,,4679.62182831938,175.250024188806,64.29968929,8.3567381,,47088526.0,12.6,46.8
KGZ,Kyrgyz Republic,Europe & Central Asia,Lower middle income,12.96703,5600.2143342846,298.825105142561,71.54340028,16.072299,18.46,6040036.0,25.7,22.3
KHM,Cambodia,East Asia & Pacific,Lower middle income,,4968.57276699143,201.242490733866,68.66739766,2.7725359,1.5,15623251.0,24.0,29.6
KIR,Kiribati,East Asia & Pacific,Lower middle income,,2616.17635911711,166.737065407313,61.68537375,43.749416,,116815.0,47.1,58.6
KOR,"Korea, Rep.",East Asia & Pacific,High income,16.6031,44849.106767089,2573.42287690324,82.40187033,4.8409957,22.42,51014947.0,23.6,3.5
KWT,Kuwait,"Middle East, North Africa, Afghanistan & Pakistan",High income,14.69398,57763.5174574395,1908.05147125182,81.44722022,40.770072,26.47,3834574.0,19.6,9.1
LAO,Lao PDR,East Asia & Pacific,Lower middle income,11.22174,6703.74124348885,149.331132502307,66.87363139,5.6516308,4.0,6801645.0,32.7,44.4
LBN,Lebanon,"Middle East, North Africa, Afghanistan & Pakistan",Lower middle income,,14980.020515614,1264.11017471595,78.43741249,28.022563,21.23,6472469.0,41.4,12.9
LBR,Liberia,Sub-Saharan Africa,Low income,,1714.09047960464,170.118354189997,60.37754989,9.7562037,0.36,4659431.0,8.3,93.2
LBY,Libya,"Middle East, North Africa, Afghanistan & Pakistan",Upper middle income,,12195.3486990421,1039.53068417024,72.65332031,32.220063,18.61,6531819.0,27.4,13.3
LCA,St. Lucia,Latin America & Caribbean,Upper middle income,13.89519,20939.8810312364,657.236944482248,76.39243252,28.198957,,174905.0,15.7,18.7
LKA,Sri Lanka,South Asia,Upper middle income,,13329.779343882,434.534712526724,76.44590803,6.9951013,8.3,20970000.0,23.1,8.7
LSO,Lesotho,Sub-Saharan Africa,Lower middle income,11.81651,2986.95866729879,283.111392694117,48.83813559,17.735034,,2104611.0,27.1,75.1
LTU,Lithuania,Europe & Central Asia,High income,16.44508,35264.7149248316,1858.08305816395,74.36612877,22.044916,43.38,2911109.0,35.4,5.0
LUX,Luxembourg,Europe & Central Asia,High income,14.06477,130097.338289025,5546.68241910198,82.3849065,18.297787,29.08,569604.0,25.6,2.5
LVA,Latvia,Europe & Central Asia,High income,15.8314,30599.6133134147,1405.77567653213,74.8108617,21.872352,31.97,1977527.0,37.8,5.1
MAR,Morocco,"Middle East, North Africa, Afghanistan & Pakistan",Lower middle income,,8198.80859375,403.686473721367,73.26259745,18.154462,,34607588.0,14.8,23.1
MDA,Moldova,Europe & Central Asia,Upper middle income,11.63386,11691.0797484184,623.654913006427,71.14655162,23.362757,35.65,2835978.0,26.5,15.6
MDG,Madagascar,Sub-Saharan Africa,Low income,10.56871,1627.5806134224,74.9242056417763,63.35879155,2.7195975,,25426702.0,32.1,65.3
MDV,Maldives,South Asia,Upper middle income,,18829.4481529112,1552.10542612148,77.25297582,12.542237,,428154.0,30.4,9.9
MEX,Mexico,Latin America & Caribbean,Upper middle income,14.19681,21408.9283216195,1054.36766735618,75.93967708,31.473061,23.4,121072306.0,17.6,16.6
MKD,North Macedonia,Europe & Central Asia,Upper middle income,13.32862,19215.0740381192,921.047465171462,75.34082067,23.608172,30.17,1912430.0,39.9,11.1
MLI,Mali,Sub-Saharan Africa,Low income,7.34784,2686.56065073799,80.5693365319561,60.12125985,8.6353749,0.94,18593022.0,10.1,109.7
MLT,Malta,"Middle East, North Africa, Afghanistan & Pakistan",High income,15.70612,46171.8893420758,3380.96255732967,81.67976101,30.724022,36.76,444220.0,27.1,6.6
MMR,Myanmar,East Asia & Pacific,Lower middle income,,5313.88615901476,231.926060209617,67.42672255,5.8640134,,51089056.0,49.9,50.5
MNE,Montenegro,Europe & Central Asia,Upper middle income,,21131.8410316247,1460.07615605329,76.86028429,15.337396,23.72,624651.0,36.5,4.2
MNG,Mongolia,East Asia & Pacific,Upper middle income,,13974.5967260365,450.032129379922,69.246045,19.13949,32.43,3026864.0,30.6,19.4
MOZ,Mozambique,Sub-Saharan Africa,Low income,9.87895,1512.5997455554,87.1087646025602,55.85530982,7.0243604,,26547572.0,15.4,75.8
MRT,Mauritania,Sub-Saharan Africa,Lower middle income,9.02561,5969.54239289516,146.123351879781,69.45426817,18.708511,1.75,3965959.0,12.7,49.1
MUS,Mauritius,Sub-Saharan Africa,Upper middle income,15.05727,22499.0254570551,1085.44737859004,74.12593279,17.413495,19.73,1262879.0,20.5,14.5
MWI,Malawi,Sub-Saharan Africa,Low income,,1597.69145324855,90.9372436984603,61.82512095,5.2410927,,17085587.0,12.8,57.4
MYS,Malaysia,East Asia & Pacific,Upper middle income,13.66391,27699.6278860387,937.402287554636,74.27826363,17.732966,14.89,31232798.0,19.7,8.2
NER,Niger,Sub-Saharan Africa,Low income,5.91809,1480.39815168147,62.6787226799257,59.63358442,4.3623619,0.32,19939498.0,8.1,125.4
NGA,Nigeria,Sub-Saharan Africa,Lower middle income,,8892.05798673631,185.883651818011,61.73359862,9.7264245,,190671878.0,4.7,117.8
NLD,Netherlands,Europe & Central Asia,High income,18.0801,63081.4083495966,5205.19864503666,81.28069061,13.97621,34.57,16939923.0,24.9,4.1
NOR,Norway,Europe & Central Asia,High income,17.78389,87688.1196708993,6144.9073964344,81.99495023,17.551239,40.91,5188607.0,20.8,2.7
NPL,Nepal,South Asia,Lower middle income,12.65251,3745.26182249477,161.650878659451,69.77673885,4.4135548,,27823629.0,37.7,37.8
NZL,New Zealand,East Asia & Pacific,High income,18.86965,45097.016468387,3337.03693948086,81.31375727,30.650365,30.31,4609400.0,14.3,5.6
OMN,Oman,"Middle East, North Africa, Afghanistan & Pakistan",High income,14.26833,39813.7887054675,1470.53207169293,73.77326508,26.458925,21.3,4184895.0,8.1,11.1
PAK,Pakistan,"Middle East, North Africa, Afghanistan & Pakistan",Lower middle income,7.58429,4645.28631071145,111.779544365698,65.69975806,15.381765,8.5,217290883.0,23.6,74.8
PAN,Panama,Latin America & Caribbean,High income,12.70657,29933.1671530011,1899.97147994564,78.14484121,29.526275,15.79,3960035.0,7.1,17.1
PER,Peru,Latin America & Caribbean,Upper middle income,,14540.8313160635,578.203049484522,80.33747677,21.035638,12.5,30457600.0,17.6,16.6
PHL,Philippines,East Asia & Pacific,Upper middle income,,7691.76308685047,268.757499478344,69.51615532,6.6070609,6.09,105312992.0,24.6,27.9
PNG,Papua New Guinea,East Asia & Pacific,Lower middle income,,4155.05563962107,66.7453690597115,66.00102041,23.753305,,8743246.0,44.1,57.3
POL,Poland,Europe & Central Asia,High income,,31700.3682364154,1717.35929009022,77.27808527,21.5607,23.11,37986412.0,27.2,4.9
PRT,Portugal,Europe & Central Asia,High income,16.44728,35803.3575649772,2754.23640534913,80.89189476,18.95998,47.48,10358076.0,26.4,3.6
PRY,Paraguay,Latin America & Caribbean,Upper middle income,,14425.777586033,848.439222472206,75.16683709,27.317891,,6159103.0,11.5,21.9
PSE,West Bank and Gaza,"Middle East, North Africa, Afghanistan & Pakistan",Lower middle income,13.20928,6072.65031768549,505.932246673966,74.56005234,35.659257,,4270092.0,31.9,18.2
QAT,Qatar,"Middle East, North Africa, Afghanistan & Pakistan",High income,11.99582,123070.887876565,3601.23643818727,77.79140376,37.929839,23.31,2344557.0,12.5,7.8
ROU,Romania,Europe & Central Asia,High income,14.63422,29181.8781722441,1066.21562150552,74.90936922,24.612576,27.58,19815616.0,32.8,9.2
RUS,Russian Federation,Europe & Central Asia,High income,15.1291,35037.15234375,1285.21134694727,71.29790344,19.779965,39.25,144640716.0,31.0,8.2
RWA,Rwanda,Sub-Saharan Africa,Low income,11.09285,2313.09716940962,118.424316858654,66.96378175,3.1311858,1.1,11640022.0,18.5,47.3
SAU,Saudi Arabia,"Middle East, North Africa, Afghanistan & Pakistan",High income,,58498.5399040699,3036.18967984046,76.88889936,36.607644,24.44,29816382.0,14.5,9.0
SEN,Senegal,Sub-Saharan Africa,Lower middle income,9.27044,3593.79477121279,131.086486936583,67.3624183,8.1595384,,14593331.0,8.1,52.2
SGP,Singapore,East Asia & Pacific,High income,,109894.041337341,3650.03509193405,82.84921063,10.065311,21.4,5535002.0,14.9,2.7
SLB,Solomon Islands,East Asia & Pacific,Lower middle income,,2665.06620679799,104.819583639622,65.15166823,19.040756,,639415.0,39.5,25.0
SLE,Sierra Leone,Sub-Saharan Africa,Low income,,2628.17058065746,315.226844600824,56.88673236,6.1630733,,7037655.0,18.8,136.8
SLV,El Salvador,Latin America & Caribbean,Upper middle income,12.23846,9646.15432339854,694.855934432273,72.73292352,27.094942,,6183676.0,10.3,14.6
SRB,Serbia,Europe & Central Asia,Upper middle income,14.55158,18247.8091057968,1312.5111832535,75.27946837,19.066407,30.43,7095383.0,40.1,6.3
STP,Sao Tome and Principe,Sub-Saharan Africa,Lower middle income,12.38349,5210.2037755431,206.126920521897,70.55687146,12.866674,3.15,200291.0,7.5,23.3
SVK,Slovak Republic,Europe & Central Asia,High income,14.67734,33507.7913603774,2033.76661924823,76.59625031,22.020927,34.54,5423801.0,30.3,6.2
SVN,Slovenia,Europe & Central Asia,High income,17.29199,38534.6437425951,2689.42033520024,80.46318817,16.77693,28.3,2063531.0,21.9,2.6
SWE,Sweden,Europe & Central Asia,High income,18.5686,58955.6412361461,5360.91054780113,81.74239456,15.461805,41.74,9799186.0,28.2,2.9
SWZ,Eswatini,Sub-Saharan Africa,Lower middle income,,9186.65344720515,615.778601788581,52.11336327,24.569643,,1142813.0,11.0,57.5
SYC,Seychelles,Sub-Saharan Africa,High income,14.19938,27032.2083880002,940.509809515496,73.16237091,27.369672,,93419.0,20.3,14.6
TCD,Chad,Sub-Saharan Africa,Low income,7.34935,2822.57929900014,80.8957594269927,57.84629101,4.9044546,0.48,14647621.0,8.4,128.7
TGO,Togo,Sub-Saharan Africa,Lower middle income,,2588.27260980499,117.430109041544,61.52164894,8.4336579,0.47,7071502.0,8.2,75.2
THA,Thailand,East Asia & Pacific,Upper middle income,,18814.0408554566,608.321119856769,76.97043175,10.610157,4.53,70540795.0,20.8,11.9
TKM,Turkmenistan,Europe & Central Asia,Upper middle income,,12926.6637306966,800.770845675657,68.83222809,18.314156,19.74,6215770.0,7.7,43.2
TLS,Timor-Leste,East Asia & Pacific,Lower middle income,,4467.80007184896,238.975313867873,67.83593705,1.6386464,6.9,1205131.0,47.9,60.2
TON,Tonga,East Asia & Pacific,Upper middle income,,6195.43302733786,231.881912048992,72.46352791,65.729207,,106095.0,32.3,11.9
TUN,Tunisia,"Middle East, North Africa, Afghanistan & Pakistan",Lower middle income,14.89108,12802.7917211433,669.961007011244,76.78627014999998,23.235148,12.72,11402264.0,27.3,18.2
TUR,Turkiye,Europe & Central Asia,Upper middle income,17.32137,25984.8027306177,1040.8461041687,76.68525905,29.611146,17.65,78218479.0,31.5,13.3
TZA,Tanzania,Sub-Saharan Africa,Lower middle income,8.52868,3111.44458007813,82.0802315119814,65.15719683,7.8943603,,52020962.0,12.6,54.3
UGA,Uganda,Sub-Saharan Africa,Low income,,2520.0201028843,116.622069083477,64.2155816,5.5833004,0.97,37531446.0,11.6,57.9
UKR,Ukraine,Europe & Central Asia,Upper middle income,,15403.7099609375,733.095386435762,72.14894514,22.71376,,45784896.0,29.3,9.5
URY,Uruguay,Latin America & Caribbean,High income,16.34381,28941.6184540581,1844.45287445441,77.09925201,27.366474,,3368017.0,24.0,8.9
USA,United States,North America,High income,16.19199,64367.7188912582,9200.93133248374,78.61058161,38.210881,25.37,321815121.0,22.0,6.8
UZB,Uzbekistan,Europe & Central Asia,Lower middle income,11.75932,7792.23605983713,322.025456246766,69.42591804,23.264825,23.63,30749346.0,19.8,19.7
VNM,Viet Nam,East Asia & Pacific,Upper middle income,,9248.02396069622,361.439607536507,73.03125783,1.1170169,7.95,92823254.0,24.2,21.6
VUT,Vanuatu,East Asia & Pacific,Lower middle income,,3825.81231400229,124.431724580644,66.79010699,19.380923,,266101.0,25.3,18.6
WSM,Samoa,East Asia & Pacific,Upper middle income,,6433.1839621351,341.68405601797,70.01944065,58.061135,,201782.0,27.6,18.3
ZAF,South Africa,Sub-Saharan Africa,Upper middle income,,14541.6748613669,1078.90839908691,63.26267522,29.275212,7.63,56723537.0,23.2,38.2
ZMB,Zambia,Sub-Saharan Africa,Lower middle income,,3576.92544834125,147.84147758589,60.4135173,7.9117604,,16399089.0,15.9,60.2
ZWE,Zimbabwe,Sub-Saharan Africa,Lower middle income,,5102.73642537223,197.229218750743,57.4934476,11.120257,1.74,14399013.0,13.9,59.2
