country_name,country_iso3,year,total_ddd_per_1000_day,access_ddd,watch_ddd,reserve_ddd,unclassified_ddd,access_share_pct,coverage_caveat,interpretive_quadrant
Armenia,ARM,2016,9.792132,5.592906,3.9917989,0.008539406,0.06288629,57.92077835315143,,
Armenia,ARM,2017,12.668812,8.297013,4.020206,0.015705455,0.052389115,66.99073828939802,,
Armenia,ARM,2018,12.9852495,8.086268,4.550413,0.009477745,0.069462776,63.59317935537349,,
Armenia,ARM,2019,12.230443,6.8181577,4.972932,0.01452899,0.04870655,57.51620241524604,,
Armenia,ARM,2020,18.687641,8.654154,9.517066,0.0231905,0.07317456,47.37437363272364,,
Armenia,ARM,2021,14.589073,7.213113,7.198202,0.021598797,0.03640386,49.8510929885517,,
Armenia,ARM,2022,9.8333435,4.9381843,4.6498895,0.004887026,0.058671787,51.16423819684815,,
Armenia,ARM,2023,14.141744,8.695858,5.1030717,0.020175207,0.06008628,62.65392473406527,,Volume < mediana · Access < 70%
Austria,AUT,2016,11.634523,6.884112,4.426606,0.019669574,0.1423403,60.00414265556736,somente consumo comunitário reportado,
Austria,AUT,2017,12.153824,7.20439,4.706625,0.021866167,0.058823332,60.07811483847673,somente consumo comunitário reportado,
Austria,AUT,2018,10.89535,6.43886,4.255715,0.020320617,0.05559065,59.78244473258564,somente consumo comunitário reportado,
Austria,AUT,2019,12.215894,7.205995,4.6816096,0.08617305,0.07808472,59.791547387211,somente consumo comunitário reportado,
Austria,AUT,2020,9.381688,5.6703644,3.407507,0.083787076,0.07448332,61.393215102606256,somente consumo comunitário reportado,
Austria,AUT,2021,9.417733,5.652732,3.4084392,0.09305229,0.11746092,60.9676920614687,somente consumo comunitário reportado,
Austria,AUT,2022,11.026231,6.6396475,4.0497127,0.09211979,0.10593283,60.98462150533206,somente consumo comunitário reportado,
Austria,AUT,2023,11.8882265,7.395719,4.142328,0.09215241,0.11183858,62.98496910245476,somente consumo comunitário reportado,Volume < mediana · Access < 70%
Belgium,BEL,2016,24.541258,15.290624,8.3678,0.026964732,0.62090826,62.90807688654774,,
Belgium,BEL,2017,23.123749,14.472723,7.7672977,0.02712092,0.6182389,63.240036526165646,,
Belgium,BEL,2018,22.65774,14.874509,6.8917413,0.027835034,0.6207285,66.3601719387807,,
Belgium,BEL,2019,21.748941,14.636821,6.2516727,0.026683861,0.59273154,68.0532028067734,,
Belgium,BEL,2020,17.040966,11.359794,4.894356,0.025639432,0.5535283,67.48398729743647,,
Belgium,BEL,2021,17.815628,12.079934,4.932335,0.025290294,0.58349305,68.55398737926816,,
Belgium,BEL,2022,20.874287,14.392113,5.716608,0.025787035,0.5476439,69.58711571809174,,
Belgium,BEL,2023,21.125095,14.450346,5.8774977,0.024451284,0.57682705,69.04420537337865,,Volume ≥ mediana · Access < 70%
Benin,BEN,2016,22.111816,17.265535,4.598549,0.0,0.06343886,78.73910386610811,,
Benin,BEN,2017,27.636494,18.439373,8.83325,0.0,0.09500807,67.37657692343338,,
Benin,BEN,2018,23.263105,18.184977,4.9162874,0.0,0.071801975,78.4746252641759,,
Benin,BEN,2019,18.620092,13.967703,3.9998693,0.0,0.12186927,77.21467213871543,,
Benin,BEN,2020,15.775744,10.660186,3.3688045,3.25e-05,0.12320934,75.32512005098978,,
Benin,BEN,2021,17.458641,12.508358,4.330728,0.0,0.5928168,71.75555155114793,,
Benin,BEN,2022,23.382936,17.398546,4.2346764,0.0,0.19162641,79.71897606927797,,
Benin,BEN,2023,22.717428,15.326317,6.9759803,0.0,0.17404284,68.18866819302372,,Volume ≥ mediana · Access < 70%
Burkina Faso,BFA,2017,19.51261,17.032234,2.4036539,0.0,0.07672198,87.28834381841288,escopo de classes antimicrobianas parcial,
Burkina Faso,BFA,2018,21.041296,17.584105,3.3365688,0.0,0.12062111,83.56950023851931,escopo de classes antimicrobianas parcial,
Burkina Faso,BFA,2019,18.454872,13.730768,4.6104317,0.0,0.11367188,74.40186153817712,escopo de classes antimicrobianas parcial,
Burkina Faso,BFA,2020,20.174881,15.388439,4.6760106,0.0,0.11043027,76.27524475564573,escopo de classes antimicrobianas parcial,
Burkina Faso,BFA,2021,18.446978,13.475916,4.8723216,0.0,0.09873976,73.05216316479502,escopo de classes antimicrobianas parcial,
Burkina Faso,BFA,2022,20.103882,15.158708,4.849498,0.0,0.09567707,75.40189100393529,escopo de classes antimicrobianas parcial,
Burkina Faso,BFA,2023,20.238438,15.611165,4.5177107,0.0,0.10956147,77.13621792467683,escopo de classes antimicrobianas parcial,Volume ≥ mediana · Access ≥ 70%
Bangladesh,BGD,2016,23.843424,8.484197,15.307268,0.0047470788,0.009781509,35.638911556911225,,
Bangladesh,BGD,2017,20.98845,10.091889,10.85796,0.00979439,0.009274251,48.1278489084605,,
Bangladesh,BGD,2018,19.797302,8.222042,11.524926,0.014198707,0.010138733,41.58573152871184,,
Bangladesh,BGD,2019,24.353333,9.039128,15.219853,0.053295292,0.010547756,37.163151705417455,,
Bangladesh,BGD,2020,24.902145,10.144392,14.689714,0.05722287,0.00897544,40.74003222493147,,
Bangladesh,BGD,2021,55.43198,14.854655,40.412052,0.08923469,0.014290011,26.827872204355828,,
Bangladesh,BGD,2022,48.947113,14.400171,34.401276,0.10454443,0.014690914,29.435752548872912,,
Bangladesh,BGD,2023,32.724857,10.560764,18.086754,0.0692156,3.4292061,32.85255960335171,,Volume ≥ mediana · Access < 70%
Belarus,BLR,2016,17.886772,9.740589,7.187184,0.02751294,0.17038092,56.87713698758705,,
Belarus,BLR,2017,20.694439,12.532833,7.363926,0.06800523,0.1568279,62.28549370759957,,
Belarus,BLR,2018,20.12279,11.750921,6.877842,0.12520611,0.33349267,61.56356007645141,,
Belarus,BLR,2019,22.954067,15.251224,7.0430584,0.07417589,0.26658514,67.37881483269591,,
Belarus,BLR,2020,26.793983,12.177925,13.48094,0.09816399,0.17737967,46.95663263293392,,
Belarus,BLR,2021,20.112171,12.986004,6.544652,0.09125982,0.08216809,65.90513956048211,,
Belarus,BLR,2022,16.910587,11.475963,5.055476,0.0817809,0.15958595,68.4200550738504,,
Belarus,BLR,2023,20.836798,13.734569,6.4594555,0.07015547,0.1573357,67.2553850651576,,Volume ≥ mediana · Access < 70%
Brunei,BRN,2023,9.300538,6.491376,2.7610164,0.01939633,0.028749427,69.7957031133118,,Volume < mediana · Access < 70%
Bhutan,BTN,2019,11.781961,10.350763,1.4304688,0.000729681,0.0,87.85262977384538,escopo de classes antimicrobianas parcial,
Bhutan,BTN,2020,9.470717,8.315031,1.1552196,0.000466725,0.0,87.79726724659686,escopo de classes antimicrobianas parcial,
Bhutan,BTN,2021,9.575982,8.311868,1.2639451,0.000169144,0.0,86.79911666720088,escopo de classes antimicrobianas parcial,
Bhutan,BTN,2022,12.769004,11.463473,1.304316,0.001213836,0.0,89.77578865971206,escopo de classes antimicrobianas parcial,
Bhutan,BTN,2023,12.154963,10.751103,1.4022789,0.00158032,0.0,88.45032016890958,escopo de classes antimicrobianas parcial,Volume < mediana · Access ≥ 70%
Canada,CAN,2022,14.790743,10.828458,3.423444,0.031483997,0.5073565,73.21105077852806,,
Canada,CAN,2023,14.526112,10.53933,3.357915,0.03265691,0.4749224,73.16527972287362,,Volume < mediana · Access ≥ 70%
Switzerland,CHE,2016,11.225319,6.59906,4.282894,0.039719768,0.3036451,58.787283262054416,escopo de classes antimicrobianas parcial,
Switzerland,CHE,2017,11.076829,6.4492836,4.0486846,0.041201815,0.2882223,59.56451389560647,escopo de classes antimicrobianas parcial,
Switzerland,CHE,2018,11.1987095,6.7255855,3.9353213,0.043905508,0.25500542,61.36585175880766,escopo de classes antimicrobianas parcial,
Switzerland,CHE,2019,11.053483,6.7880144,3.7584867,0.04036019,0.23907271,62.70142049637472,escopo de classes antimicrobianas parcial,
Switzerland,CHE,2020,9.439211,5.8951454,3.0950491,0.037223373,0.20254298,63.86966850551603,escopo de classes antimicrobianas parcial,
Switzerland,CHE,2021,9.029414,5.770513,2.8153317,0.037065066,0.19617741,65.43208934030838,escopo de classes antimicrobianas parcial,
Switzerland,CHE,2022,10.604289,6.96023,3.2416332,0.038857877,0.18144615,66.7829430137007,escopo de classes antimicrobianas parcial,
Switzerland,CHE,2023,11.360331,7.565234,3.3888886,0.036801443,0.17567451,67.74877742844563,escopo de classes antimicrobianas parcial,Volume < mediana · Access < 70%
Cote d'Ivoire,CIV,2021,16.531649,13.341619,3.0757008,0.0,0.114329435,80.70349673131085,escopo de classes antimicrobianas parcial,
Cote d'Ivoire,CIV,2022,19.666136,16.136654,3.4137838,0.0,0.11569692,82.05300243158304,escopo de classes antimicrobianas parcial,
Cote d'Ivoire,CIV,2023,10.147002,7.5983872,2.4437344,0.0,0.104880884,74.88307223715863,escopo de classes antimicrobianas parcial,Volume < mediana · Access ≥ 70%
Colombia,COL,2018,22.265644,15.161395,7.069426,0.023126071,0.01169566,68.09322858167978,,
Colombia,COL,2019,19.812557,14.814712,4.9544983,0.029259268,0.014089219,74.77434974083542,,
Colombia,COL,2020,22.304657,15.216097,7.044262,0.029943965,0.014353923,68.21937264673335,,
Colombia,COL,2021,26.115873,17.316914,8.725032,0.040288407,0.03363802,66.30800502033712,,
Colombia,COL,2022,18.429092,12.340878,5.9637794,0.04095069,0.037761215,67.13066465266228,,
Colombia,COL,2023,22.732248,16.308874,6.250679,0.068259835,0.053257804,71.90522114047369,,Volume ≥ mediana · Access ≥ 70%
Cyprus,CYP,2016,28.96844,13.765926,14.764565,0.0125044845,0.27724046,47.76479285773184,,
Cyprus,CYP,2017,29.49558,14.41594,14.643715,0.018546768,0.22780672,49.19107290200551,,
Cyprus,CYP,2018,28.214714,13.643956,14.043642,0.025151521,0.32843027,48.65685431815931,,
Cyprus,CYP,2019,30.565535,14.876722,15.157173,0.036711372,0.31753758,48.95567831815831,,
Cyprus,CYP,2020,29.568851,13.040429,16.149384,0.04198379,0.18555632,44.32903582874388,,
Cyprus,CYP,2021,25.782444,12.407171,12.6809845,0.090365976,0.4161373,48.47562574904945,,
Cyprus,CYP,2022,34.136124,18.918678,15.049097,0.10873415,0.054958843,55.428843564185456,,Volume ≥ mediana · Access < 70%
Czechia,CZE,2019,17.537502,10.706749,6.632247,0.028924018,0.01632499,61.58880638804213,,
Czechia,CZE,2020,14.043354,8.736549,5.128141,0.032429237,0.015396299,62.796328797573096,,
Czechia,CZE,2022,17.454245,10.398841,6.8523974,0.04345023,0.018516209,60.06306225047025,,
Czechia,CZE,2023,19.05375,11.629465,7.207909,0.048534647,0.028242659,61.485523785097705,,Volume ≥ mediana · Access < 70%
Germany,DEU,2016,12.994837,6.7450333,5.8465576,0.01864257,0.23820367,52.49691636814904,somente consumo comunitário reportado,
Germany,DEU,2017,12.717461,6.919184,5.380332,0.018743971,0.23739079,55.1081272624448,somente consumo comunitário reportado,
Germany,DEU,2018,11.887108,6.656122,4.8030467,0.018102871,0.23765837,56.81742898610819,somente consumo comunitário reportado,
Germany,DEU,2019,11.600114,6.920172,4.244373,0.01803221,0.24063297,60.57992360252624,somente consumo comunitário reportado,
Germany,DEU,2020,9.228744,5.81669,2.9877794,0.018475987,0.23387969,64.22438272294347,somente consumo comunitário reportado,
Germany,DEU,2021,8.402863,5.4536824,2.5538847,0.016320048,0.21125655,66.22449589221485,somente consumo comunitário reportado,
Germany,DEU,2022,10.406786,6.620843,3.3884788,0.016332867,0.22037557,64.61861664326455,somente consumo comunitário reportado,
Germany,DEU,2023,13.696483,8.220583,4.9639,0.05779281,0.2420366,60.964050298208704,somente consumo comunitário reportado,Volume < mediana · Access < 70%
Denmark,DNK,2016,17.264673,13.636905,3.4030845,0.03977218,0.0,79.84247822361887,,
Denmark,DNK,2017,16.474354,13.007076,3.2607372,0.038838767,0.0,79.76546029388865,,
Denmark,DNK,2018,15.790614,12.539928,3.0431557,0.044205748,1.77e-05,80.24369061949918,,
Denmark,DNK,2019,15.53949,12.397703,2.936992,0.04135173,1.06e-05,80.62992179283192,,
Denmark,DNK,2020,14.448407,11.660665,2.6180935,0.043730434,4.598e-05,81.41481288065792,,
Denmark,DNK,2021,14.555556,11.833321,2.5663323,0.040641893,0.000160603,81.94561977245776,,
Denmark,DNK,2022,15.240977,12.516422,2.5703533,0.03804301,0.000186448,82.75317727341373,,
Denmark,DNK,2023,16.258766,13.383833,2.7172148,0.03649815,9.896e-05,82.93547834669762,,Volume < mediana · Access ≥ 70%
Egypt,EGY,2020,28.714851,15.9870405,12.052173,0.3699267,0.24729669,55.7886542607077,,
Egypt,EGY,2021,30.552305,16.43046,13.485174,0.3810591,0.2110704,53.856651930581535,,
Egypt,EGY,2022,31.09345,17.953642,12.527085,0.36126435,0.17646572,57.880512752403,,
Egypt,EGY,2023,29.396042,17.29887,11.540444,0.34142435,0.1418365,58.99505786409477,,Volume ≥ mediana · Access < 70%
Spain,ESP,2016,27.900824,17.586596,9.314778,0.121951886,0.72123367,63.38754797856125,,
Spain,ESP,2017,27.262836,17.123663,9.164231,0.12774985,0.69702256,63.15742886020335,,
Spain,ESP,2018,26.80508,16.738457,9.093351,0.1341365,0.6917514,62.7903366547144,,
Spain,ESP,2019,25.608978,16.090952,8.535164,0.15197876,0.6821509,63.2003014223862,,
Spain,ESP,2020,20.402252,12.595409,6.856853,0.16562788,0.6504216,62.14335620620727,,
Spain,ESP,2021,20.716595,12.875249,6.8682914,0.17051178,0.6701552,62.549160928634215,,
Spain,ESP,2022,24.084013,14.701825,8.39576,0.18536891,0.6704693,61.37671793759451,,
Spain,ESP,2023,25.54098,15.749844,8.77622,0.21091461,0.6533537,62.03086989057215,,Volume ≥ mediana · Access < 70%
Estonia,EST,2016,12.007668,6.9657154,4.7317233,0.00957532,0.000810896,59.49623819946779,,
Estonia,EST,2017,12.108464,7.020425,4.779351,0.01476409,0.000651117,59.41863214063514,,
Estonia,EST,2018,12.223905,7.2461886,4.675563,0.01651413,0.000810929,60.69304023219942,,
Estonia,EST,2019,12.053391,7.3393655,4.595358,0.021012435,0.003456557,61.37007582167112,,
Estonia,EST,2020,10.905583,6.527811,4.0858207,0.019902054,0.009169553,61.33602348668763,,
Estonia,EST,2021,10.286839,6.5297675,3.6780322,0.022159442,0.005395622,63.79620101656498,,
Estonia,EST,2022,12.694928,7.9528103,4.430599,0.025324348,0.005578495,64.06162668049485,,
Estonia,EST,2023,12.99971,8.280699,4.5388966,0.023755237,0.007454994,64.43719645988635,,Volume < mediana · Access < 70%
Ethiopia,ETH,2020,10.509656,6.9545746,3.5544665,0.0,0.000615219,66.17318767529147,escopo de classes antimicrobianas parcial,
Ethiopia,ETH,2021,12.597177,8.512176,4.085001,0.0,0.0,67.57209174722242,escopo de classes antimicrobianas parcial,
Ethiopia,ETH,2022,11.317588,8.186794,3.130794,0.0,0.0,72.33691489741454,escopo de classes antimicrobianas parcial,
Ethiopia,ETH,2023,10.923886,6.29901,4.623781,1.06e-06,0.0010945781,57.66271848730564,escopo de classes antimicrobianas parcial,Volume < mediana · Access < 70%
Finland,FIN,2016,16.634512,12.818581,3.589204,0.016447948,0.0,78.04675591599506,,
Finland,FIN,2017,15.12046,11.696398,3.2199981,0.015267186,0.0,78.33285398932482,,
Finland,FIN,2018,14.794249,11.38048,3.2149124,0.018430846,7.2e-05,77.87437783307621,,
Finland,FIN,2019,14.116756,11.058665,2.8770542,0.017621007,8.19e-05,79.2541422111226,,
Finland,FIN,2020,11.45481,8.65564,2.6245265,0.017506553,8.42e-07,76.61435513580116,,
Finland,FIN,2021,10.922393,8.250245,2.5229115,0.016974175,6.554e-05,76.46056508713824,,
Finland,FIN,2022,12.110314,9.301809,2.6526556,0.017043157,0.000135479,77.69868193222192,,
Finland,FIN,2023,12.567326,9.833991,2.5739245,0.01955624,4.65e-05,79.13077100420332,,Volume < mediana · Access ≥ 70%
France,FRA,2016,26.10328,18.218845,7.357987,0.043401808,0.19422139,70.5761359682366,escopo de classes antimicrobianas parcial,
France,FRA,2017,25.172579,17.699062,6.9241557,0.040472567,0.21651903,71.13711057942794,escopo de classes antimicrobianas parcial,
France,FRA,2018,25.67881,18.050247,6.4313765,0.058513563,0.8435075,71.10975319245766,escopo de classes antimicrobianas parcial,
France,FRA,2019,25.398994,18.180037,6.022559,0.07021991,0.817315,72.45891647681323,escopo de classes antimicrobianas parcial,
France,FRA,2020,20.63046,14.449037,5.0667367,0.079609625,0.7729299,70.93880008809616,escopo de classes antimicrobianas parcial,
France,FRA,2021,21.915949,15.774223,5.042699,0.083354086,0.7727859,72.78262301002769,escopo de classes antimicrobianas parcial,
France,FRA,2022,24.703413,17.536797,6.1040096,0.08743341,0.7123455,71.75276955957017,escopo de classes antimicrobianas parcial,
France,FRA,2023,24.5361,17.766901,5.8061075,0.11034215,0.59471947,73.18086203797488,escopo de classes antimicrobianas parcial,Volume ≥ mediana · Access ≥ 70%
Gabon,GAB,2020,16.961391,12.78033,2.9684896,0.0,0.035851326,80.96671802608601,escopo de classes antimicrobianas parcial,
Gabon,GAB,2021,24.650986,13.877853,4.688583,0.09036543,0.08620369,74.04283844105358,escopo de classes antimicrobianas parcial,
Gabon,GAB,2023,12.2314625,7.732518,3.3040614,0.020546934,0.20008719,68.68944951176888,escopo de classes antimicrobianas parcial,Volume < mediana · Access < 70%
United Kingdom,GBR,2017,18.994778,12.638974,6.2323356,0.06974289,0.05372626,66.53920093699432,somente setor público reportado,
United Kingdom,GBR,2018,18.467142,12.395174,5.9535546,0.07315253,0.045259543,67.12015801191379,somente setor público reportado,
United Kingdom,GBR,2019,18.012562,12.251336,5.6494055,0.07391252,0.03790751,68.01551228344367,somente setor público reportado,
United Kingdom,GBR,2020,16.029922,10.926154,5.0037184,0.07136725,0.028681347,68.16099718797635,somente setor público reportado,
United Kingdom,GBR,2021,15.847657,10.988156,4.765803,0.06971152,0.023986813,69.33615340810701,somente setor público reportado,
United Kingdom,GBR,2022,16.885738,12.04711,4.7499924,0.068581946,0.020055199,71.34487635495506,somente setor público reportado,
United Kingdom,GBR,2023,17.079811,12.35837,4.636031,0.06745708,0.01795265,72.35659806401145,somente setor público reportado,Volume < mediana · Access ≥ 70%
Georgia,GEO,2016,22.418634,13.427452,7.535058,1.120904,0.29122633,60.01192332909335,escopo de classes antimicrobianas parcial,
Georgia,GEO,2017,25.122282,16.003885,8.273172,0.045877103,0.7345552,63.86866938853264,escopo de classes antimicrobianas parcial,
Georgia,GEO,2018,20.780441,9.000715,11.221148,0.005971391,0.52528125,43.37042762975852,escopo de classes antimicrobianas parcial,
Georgia,GEO,2019,16.467178,8.837232,7.203328,0.007956576,0.36148977,53.85270312314113,escopo de classes antimicrobianas parcial,
Georgia,GEO,2020,14.507995,7.5880136,6.559828,0.003152289,0.26604918,52.63224618032803,escopo de classes antimicrobianas parcial,
Georgia,GEO,2021,25.148424,9.020287,15.328783,0.019863047,0.47825313,36.303052328515584,escopo de classes antimicrobianas parcial,
Georgia,GEO,2022,20.077005,8.427269,11.011634,0.027675616,0.4174167,42.38217152072477,escopo de classes antimicrobianas parcial,
Georgia,GEO,2023,24.436386,11.734973,11.7927685,0.037946973,0.70383936,48.3527041842306,escopo de classes antimicrobianas parcial,Volume ≥ mediana · Access < 70%
Hong Kong,HKG,2021,13.645515,8.867745,4.296014,0.021606725,0.4601499,64.98651457152246,,
Hong Kong,HKG,2022,14.111866,8.874843,4.6983523,0.02275373,0.5159173,62.88922239245729,,
Hong Kong,HKG,2023,17.32407,10.565274,6.216318,0.027457096,0.5150204,60.986097997583336,,Volume < mediana · Access < 70%
Honduras,HND,2019,6.5231395,5.0347157,1.4883276,9.64e-05,0.0,77.18239883778665,somente setor público reportado,
Honduras,HND,2020,6.090787,4.392803,1.6972532,0.00073027494,0.0,72.12209815717227,somente setor público reportado,
Honduras,HND,2021,4.5596933,2.9154887,1.6433656,0.000839189,0.0,63.94045360797717,somente setor público reportado,
Honduras,HND,2022,3.5598793,2.7191503,0.8397581,0.00097093196,0.0,76.38321545306113,somente setor público reportado,
Honduras,HND,2023,5.6569266,3.9798777,1.6752368,0.0018121819,0.0,70.35406191022565,somente setor público reportado,Volume < mediana · Access ≥ 70%
Croatia,HRV,2016,19.871067,12.881983,6.7767596,0.016184028,0.005669147,65.4552491564499,,
Croatia,HRV,2017,20.017197,12.657217,7.0911593,0.022307131,0.059426364,63.82827493568095,,
Croatia,HRV,2018,20.529783,12.811884,7.409226,0.025408965,0.106760405,62.94751704182008,,
Croatia,HRV,2019,20.725693,13.016928,7.405041,0.03222712,0.097782955,63.3366156733497,,
Croatia,HRV,2020,17.426685,10.710467,6.449302,0.038468115,0.09270794,61.94263509560379,,
Croatia,HRV,2021,18.456295,11.101605,7.080306,0.057918414,0.09799264,60.539386669304186,,
Croatia,HRV,2022,20.52807,12.327911,7.9218874,0.06500953,0.10394546,60.3754341145897,,
Croatia,HRV,2023,21.615002,13.097117,8.1940365,0.063918896,0.1210552,60.98453709336027,,Volume ≥ mediana · Access < 70%
Hungary,HUN,2016,15.172812,7.200877,7.663921,0.008479741,0.086531274,48.13481905270166,,
Hungary,HUN,2017,15.320194,7.2167864,7.8057604,0.00914809,0.093846835,47.71258134888388,,
Hungary,HUN,2018,15.599802,7.504594,7.805318,0.009564487,0.10303279,48.660006392032464,,
Hungary,HUN,2019,15.197294,7.6264596,7.2924223,0.010030504,0.1084908,50.71659977815409,,
Hungary,HUN,2020,11.985531,6.074333,5.662358,0.012510417,0.10337951,51.24903206661734,,
Hungary,HUN,2021,12.686332,6.216455,6.2423434,0.016381288,0.106026135,49.41064542983274,,
Hungary,HUN,2022,15.106023,7.3730946,7.450623,0.014915807,0.13604386,49.23708517076517,,
Hungary,HUN,2023,14.807724,7.4123797,7.073082,0.01585197,0.16546492,50.53856683330488,,Volume < mediana · Access < 70%
Indonesia,IDN,2023,26.162806,18.618164,7.5331383,0.00031970098,0.011184881,71.1627161565127,,Volume ≥ mediana · Access ≥ 70%
Ireland,IRL,2016,21.934803,14.173547,7.4313855,0.06399252,0.2658776,64.6167063617735,,
Ireland,IRL,2017,20.860022,13.386451,6.988634,0.064087585,0.42084777,64.17276096660837,,
Ireland,IRL,2018,22.332764,15.238615,6.787008,0.074174,0.23296769,68.23434183598161,,
Ireland,IRL,2019,22.675123,15.944634,6.3461685,0.09299043,0.29132932,70.31774216785094,,
Ireland,IRL,2020,18.548151,13.149072,5.034257,0.096020184,0.26880231,70.89154951237859,,
Ireland,IRL,2021,17.739767,13.082619,4.4047427,0.09181779,0.16058753,73.74741159368394,,
Ireland,IRL,2022,22.94159,16.981613,5.694519,0.09512528,0.17033143,74.02108552577221,,
Ireland,IRL,2023,22.879614,17.166046,5.330396,0.106193796,0.16309649,75.40300388473082,,Volume ≥ mediana · Access ≥ 70%
Iran,IRN,2020,51.64599,25.990477,25.519533,0.037291978,0.006087614,50.41468117943728,,
Iran,IRN,2021,60.861404,29.76369,30.587925,0.03093057,0.006595465,49.28649338255984,,
Iran,IRN,2022,67.97821,31.649702,35.987213,0.041932415,0.005072838,46.761035533542646,,
Iran,IRN,2023,65.756256,28.650396,36.7696,0.055509247,0.004909867,43.75414534272618,,Volume ≥ mediana · Access < 70%
Iceland,ISL,2016,18.22941,15.298652,2.753674,0.005000633,0.008352077,84.68351643789417,somente consumo comunitário reportado,
Iceland,ISL,2017,20.356697,16.986534,3.033525,0.021336807,0.007672135,84.72480640566627,somente consumo comunitário reportado,
Iceland,ISL,2018,19.99646,16.594116,3.1152966,0.016355926,0.000388224,84.12239753696574,somente consumo comunitário reportado,
Iceland,ISL,2019,18.933304,16.087036,2.5269854,0.010771859,0.000600051,86.3715237162957,somente consumo comunitário reportado,
Iceland,ISL,2020,16.291924,13.851172,2.2309847,0.013777398,0.00125921,86.04712470661721,somente consumo comunitário reportado,
Iceland,ISL,2021,16.39599,14.099503,2.0831757,0.012233956,0.000999889,87.05593439594608,somente consumo comunitário reportado,
Iceland,ISL,2022,18.18231,15.694281,2.3098269,0.011560941,0.000633869,87.1115525345211,somente consumo comunitário reportado,
Iceland,ISL,2023,18.314444,15.591326,2.4362068,0.033859212,0.000855373,86.31996709860145,somente consumo comunitário reportado,Volume < mediana · Access ≥ 70%
Italy,ITA,2016,26.262182,12.656038,12.993785,0.05570776,0.55665195,48.19111244390547,,
Italy,ITA,2017,23.058126,10.9138365,11.445082,0.068568505,0.5197972,47.56047121960504,,
Italy,ITA,2018,23.67212,11.187291,11.767743,0.070641145,0.54149663,47.46980718266522,,
Italy,ITA,2019,24.102755,11.732665,11.582693,0.07550449,0.5992405,48.90627191092354,,
Italy,ITA,2020,20.635223,9.682515,10.1679535,0.082174815,0.59309626,47.17255115032805,,
Italy,ITA,2021,19.765284,9.400262,9.57389,0.083935596,0.61541915,47.78132399762057,,
Italy,ITA,2022,24.13073,11.336485,11.951794,0.1325297,0.6085531,47.177636652838615,,
Italy,ITA,2023,25.36181,12.815358,11.575131,0.136921,0.6240933,50.95265220190635,,Volume ≥ mediana · Access < 70%
Jordan,JOR,2017,43.40546,28.294315,14.584335,0.00722133,0.4926147,65.22660790981045,,
Jordan,JOR,2018,36.32911,20.441267,14.995332,0.006620116,0.83155125,56.35119614474364,,
Jordan,JOR,2019,29.632372,18.102064,10.916613,0.010524102,0.53054726,61.23889749775672,,
Jordan,JOR,2020,28.000816,14.348129,12.825048,0.008357159,0.7791036,51.31545683496296,,
Jordan,JOR,2021,27.5204,15.058244,11.615652,0.011328913,0.7954655,54.79572664912581,,
Jordan,JOR,2022,34.303825,17.891644,15.586091,0.012231341,0.77685857,52.212727751898015,,
Jordan,JOR,2023,36.32724,18.65303,16.807512,0.013632895,0.82137465,51.39205834829301,,Volume ≥ mediana · Access < 70%
Kenya,KEN,2018,66.59763,50.32495,10.606401,0.0038859101,5.6623945,75.56567543687126,fontes nacionais incompletas,
Kenya,KEN,2019,30.487007,16.366966,12.777321,0.002836708,1.3398845,53.68505131213628,fontes nacionais incompletas,
Kenya,KEN,2020,14.041812,7.234591,5.228493,0.005647668,1.5730801,51.5217773855007,fontes nacionais incompletas,
Kenya,KEN,2021,18.80344,10.6339035,7.335829,0.006214324,0.8274946,56.5529642165784,fontes nacionais incompletas,Volume ≥ mediana · Access < 70%
South Korea,KOR,2021,19.672407,7.8219504,11.974823,0.021725656,0.36672294,38.75087626754878,,
South Korea,KOR,2022,26.796656,10.238316,16.182981,0.023050305,0.35230905,38.20743851159485,,
South Korea,KOR,2023,33.05834,12.817202,19.866327,0.022626135,0.35218117,38.7714671474905,,Volume ≥ mediana · Access < 70%
Kuwait,KWT,2022,23.28659,12.688724,10.2717285,0.020469327,0.03080604,55.140248804159896,somente setor público reportado,
Kuwait,KWT,2023,32.78365,15.186844,17.26185,0.035743836,0.024268743,46.7162357354765,somente setor público reportado,Volume ≥ mediana · Access < 70%
Laos,LAO,2019,22.254206,18.345608,3.9085972,0.0,0.0,82.43659045617142,escopo de classes antimicrobianas parcial,
Laos,LAO,2020,20.839287,16.566204,4.255305,0.0,0.017779738,79.49505478942704,escopo de classes antimicrobianas parcial,
Laos,LAO,2021,20.412954,15.899123,4.513831,0.0,0.0,77.88741893995352,escopo de classes antimicrobianas parcial,
Laos,LAO,2022,30.033865,18.894758,11.133538,0.0,0.005567158,62.91151391547537,escopo de classes antimicrobianas parcial,
Laos,LAO,2023,18.43857,15.326415,3.112154,0.0,0.0,83.12149928771588,escopo de classes antimicrobianas parcial,Volume < mediana · Access ≥ 70%
Lithuania,LTU,2016,17.570795,11.886365,4.7829,0.03937066,0.025687888,71.02985050997533,,
Lithuania,LTU,2017,17.78781,11.867807,4.918029,0.04281014,0.033352397,70.38197147247209,,
Lithuania,LTU,2018,17.140888,11.303551,4.9841413,0.06013855,0.031247297,69.01213180956928,,
Lithuania,LTU,2019,16.699167,10.954692,5.068173,0.07117111,0.03045198,67.93823120991867,,
Lithuania,LTU,2020,14.633604,9.560706,4.4686484,0.09988558,0.02620308,67.5408460157375,,
Lithuania,LTU,2021,14.014603,9.519857,4.1578193,0.021934804,0.009168731,69.44350346698816,,
Lithuania,LTU,2022,19.091984,13.224434,5.345424,0.023462676,0.010183115,71.08571669385051,,
Lithuania,LTU,2023,19.376549,12.669623,6.200466,0.033253673,0.013228754,66.97631782214188,,Volume ≥ mediana · Access < 70%
Latvia,LVA,2016,14.094239,9.523603,4.069043,0.013255391,0.03399275,69.82167824435757,,
Latvia,LVA,2017,14.5697155,9.84831,4.312685,0.015760593,0.03229196,69.31013471005448,,
Latvia,LVA,2018,14.35716,9.589695,4.400124,0.016443944,0.024575021,68.34727208682436,,
Latvia,LVA,2019,14.380351,9.756903,4.3217187,0.015690897,0.027513718,69.09094321345928,,
Latvia,LVA,2020,12.367139,8.488882,3.5874057,0.012634531,0.03228751,70.03329025226212,,
Latvia,LVA,2021,12.011205,8.493162,3.3325412,0.01799682,0.015543199,71.61639105598987,,
Latvia,LVA,2022,15.266706,10.716417,4.26887,0.016361114,0.017969606,71.34946574392575,,
Latvia,LVA,2023,15.249408,10.833309,4.1592903,0.03339642,0.022145713,71.99100997444752,,Volume < mediana · Access ≥ 70%
Maldives,MDV,2017,29.926865,6.985958,22.62054,0.000173972,0.32019296,23.343434121394058,,
Maldives,MDV,2018,25.226318,9.010207,15.954631,0.0,0.26147944,35.71748837867633,,
Maldives,MDV,2019,16.282187,7.1848135,8.953427,0.000526758,0.14341927,44.12683448653832,,
Maldives,MDV,2020,16.848896,6.609067,10.118973,0.004154021,0.11670314,39.22551688010745,,
Maldives,MDV,2021,19.451239,7.05894,12.244236,0.001975497,0.14608786,36.29043821035325,,
Maldives,MDV,2022,20.97071,5.8868966,14.962038,0.00170576,0.12007158,28.07199210424136,,
Maldives,MDV,2023,29.78978,11.487341,18.150229,0.004919294,0.14728944,38.56135053090925,,Volume ≥ mediana · Access < 70%
Mali,MLI,2017,6.705357,3.7891104,2.905269,0.0,0.01097802,56.50870136613836,escopo de classes antimicrobianas parcial,
Mali,MLI,2018,11.008802,7.558681,3.4373527,0.000130566,0.012637451,68.66034282666517,escopo de classes antimicrobianas parcial,
Mali,MLI,2019,11.354568,6.3053746,5.0366945,0.000333018,0.012164868,55.53161655371295,escopo de classes antimicrobianas parcial,
Mali,MLI,2020,14.1921,10.171728,3.9363515,0.0,0.08402086,71.67175923211974,escopo de classes antimicrobianas parcial,
Mali,MLI,2021,20.2869,16.695911,3.4981976,0.0,0.09279026,82.29898081130375,escopo de classes antimicrobianas parcial,
Mali,MLI,2022,8.41913,3.831295,4.3840694,0.0,0.20376664,45.50701232463536,escopo de classes antimicrobianas parcial,Volume < mediana · Access < 70%
Malta,MLT,2016,21.01187,9.738009,10.70416,0.023860188,0.49540484,46.4567881519561,,
Malta,MLT,2017,22.663687,11.1689825,10.744107,0.028352754,0.618043,49.509030787923855,,
Malta,MLT,2018,21.553877,9.934884,10.780565,0.085629,0.6004833,46.42130478583354,,
Malta,MLT,2019,22.106838,11.013345,10.503273,0.027036915,0.48161498,50.00322380839547,,
Malta,MLT,2020,17.942623,9.765512,7.5787916,0.017636059,0.44960085,54.82688033112903,,
Malta,MLT,2021,16.914368,9.783469,6.500794,0.07330266,0.4849215,58.08803003415798,,
Malta,MLT,2022,25.484713,13.994032,10.865442,0.067152396,0.46492347,55.11294928372374,,
Malta,MLT,2023,24.975723,13.936519,10.581994,0.071780205,0.25623405,56.09040996743511,,Volume ≥ mediana · Access < 70%
Montenegro,MNE,2016,29.170504,17.489578,11.260758,0.0042787357,0.1719424,60.46201045618064,,
Montenegro,MNE,2017,27.45164,16.637321,10.432899,0.002976089,0.13635859,61.14514256582259,,
Montenegro,MNE,2018,27.294909,16.317703,10.708689,0.003922289,0.0761928,60.19847170431573,,
Montenegro,MNE,2019,27.596605,16.968195,10.156412,0.005345678,0.10869011,62.29456853656213,,
Montenegro,MNE,2020,28.264921,13.800558,14.236791,0.005910229,0.08656703,49.060231915170746,,
Montenegro,MNE,2021,32.411163,14.783838,17.319572,0.007693737,0.07887061,45.92683995530368,,
Montenegro,MNE,2022,32.869465,16.576975,15.934393,0.009214728,0.11188449,50.79902444782407,,
Montenegro,MNE,2023,31.84672,17.087551,14.444185,0.012146614,0.13250723,53.94412394895009,,Volume ≥ mediana · Access < 70%
Malaysia,MYS,2022,11.423413,8.320285,3.0914295,0.007464586,0.004234574,72.83536469605532,escopo de classes antimicrobianas parcial,
Malaysia,MYS,2023,24.490599,11.408103,13.031174,0.0082983775,0.043023285,46.58156036613382,escopo de classes antimicrobianas parcial,Volume ≥ mediana · Access < 70%
Norway,NOR,2016,12.961042,10.131691,2.660882,0.017076299,0.001441785,79.08530923375956,,
Norway,NOR,2017,12.401856,9.747036,2.4898767,0.01779873,0.001276221,79.5287681217981,,
Norway,NOR,2018,11.88943,9.401931,2.335734,0.017965272,0.0013964961,79.96861098853655,,
Norway,NOR,2019,12.188524,9.71601,2.3236566,0.01865234,0.001331572,80.56626508647203,,
Norway,NOR,2020,10.670051,8.356348,2.161649,0.019510053,0.001664707,79.2884696282813,,
Norway,NOR,2021,10.658108,8.387214,2.1337347,0.021094793,0.001700651,79.54682781991453,,
Norway,NOR,2022,11.8948765,9.611745,2.1351202,0.022914879,0.001892306,81.65148235222485,,
Norway,NOR,2023,12.059391,9.67786,2.223972,0.02494787,0.001616252,81.1329528380664,,Volume < mediana · Access ≥ 70%
Nepal,NPL,2016,40.54019,13.04159,27.41621,0.006275098,0.046018444,32.19343343771536,nem todos os antibacterianos são reportados sistematicamente,
Nepal,NPL,2017,50.53494,16.13751,34.325665,0.00089732,0.050858278,31.94602033292493,nem todos os antibacterianos são reportados sistematicamente,
Nepal,NPL,2018,48.188637,12.405893,35.693874,0.003167476,0.05094421,25.763019176286672,nem todos os antibacterianos são reportados sistematicamente,
Nepal,NPL,2019,56.330605,15.725246,30.914736,0.04062702,9.589911,27.945798251750364,nem todos os antibacterianos são reportados sistematicamente,
Nepal,NPL,2020,49.546783,17.210226,23.628834,0.014853968,8.646575,34.76778989218812,nem todos os antibacterianos são reportados sistematicamente,
Nepal,NPL,2021,78.11656,23.123997,42.824352,0.05888666,12.035249,29.6300112698129,nem todos os antibacterianos são reportados sistematicamente,
Nepal,NPL,2022,32.3162,5.8832903,20.926659,0.11299959,5.3566184,18.22605069995038,nem todos os antibacterianos são reportados sistematicamente,
Nepal,NPL,2023,34.34172,8.730701,21.005857,0.0565412,3.4829164,26.237218737209627,nem todos os antibacterianos são reportados sistematicamente,Volume ≥ mediana · Access < 70%
Oman,OMN,2021,4.575907,3.3846965,1.0685165,0.027759664,1.97e-05,75.53452952056848,somente setor público reportado,
Oman,OMN,2022,6.400556,5.180761,1.156049,0.007099037,2.54e-05,81.66479416596782,somente setor público reportado,
Oman,OMN,2023,8.681876,5.427619,3.1122875,0.015776103,0.001173369,63.43006143565366,somente setor público reportado,Volume < mediana · Access < 70%
Peru,PER,2019,12.374885,8.256474,4.105234,0.013104714,7.27e-05,66.71959960662953,,
Peru,PER,2020,7.9186525,4.6139946,3.29338,0.011172117,0.000105675,58.26742192473802,,
Peru,PER,2021,8.629612,5.2683463,3.345817,0.015324627,0.000124078,61.049631164732766,,
Peru,PER,2022,10.115588,6.4044404,3.6905546,0.020100322,0.000492491,63.31258764586438,,Volume < mediana · Access < 70%
Papua New Guinea,PNG,2022,13.830913,11.470641,2.360271,0.0,0.0,82.93481297545671,somente setor público reportado,
Papua New Guinea,PNG,2023,13.117169,10.383667,2.7335024,0.0,0.0,79.16088207262155,somente setor público reportado,Volume < mediana · Access ≥ 70%
Poland,POL,2016,22.166563,13.546383,8.416261,0.0148234395,0.02709856,61.56169133400682,,
Poland,POL,2017,25.758562,15.266044,10.283006,0.0148850465,0.04289722,59.61707344790054,,
Poland,POL,2018,24.888811,13.75366,10.869652,0.02412316,0.055646434,55.675887834741054,,
Poland,POL,2019,24.181519,14.542709,9.431805,0.017318575,0.06120513,60.461007787706365,,
Poland,POL,2020,19.02179,11.9085045,6.9182577,0.019774677,0.060615014,62.98412668736517,,
Poland,POL,2021,20.9002,12.649865,8.000088,0.02483448,0.058495,61.01236025796914,,
Poland,POL,2022,23.85924,13.498859,9.2948475,0.025365358,0.9541875,56.781692391108606,,
Poland,POL,2023,24.065334,14.504715,9.322536,0.028956475,0.11114604,60.51863419514467,,Volume ≥ mediana · Access < 70%
Portugal,PRT,2016,18.996199,11.37752,6.98994,0.04254744,0.45699513,60.30380267234998,dados de antituberculosos incompletos,
Portugal,PRT,2017,18.374401,11.517384,6.240095,0.04404386,0.44975227,63.10454430150273,dados de antituberculosos incompletos,
Portugal,PRT,2018,19.184412,12.082344,6.4531937,0.047100104,0.46413112,63.435137204691806,dados de antituberculosos incompletos,
Portugal,PRT,2019,19.369865,11.891205,6.783871,0.054071836,0.48809442,61.87779100452008,dados de antituberculosos incompletos,
Portugal,PRT,2020,15.018597,9.292494,5.0785093,0.053564847,0.47136182,62.38277180804632,dados de antituberculosos incompletos,
Portugal,PRT,2021,15.206086,9.414147,5.1051655,0.056717157,0.51488966,62.38285953457397,dados de antituberculosos incompletos,
Portugal,PRT,2022,18.979685,11.621188,6.6664457,0.06326526,0.5092748,61.61760834169535,dados de antituberculosos incompletos,
Portugal,PRT,2023,19.87725,12.463973,6.7281957,0.06701176,0.48998106,63.11140342529337,dados de antituberculosos incompletos,Volume ≥ mediana · Access < 70%
Palestine,PSE,2022,37.87051,11.566406,26.121342,0.0,0.18276046,30.54198760551841,escopo de classes antimicrobianas parcial,
Palestine,PSE,2023,29.11556,13.793627,15.209061,0.0,0.112872094,47.37544788926292,escopo de classes antimicrobianas parcial,Volume ≥ mediana · Access < 70%
Qatar,QAT,2021,3.2891738,2.2985897,0.9551323,0.015605431,0.00088553096,70.28868537730771,fontes nacionais incompletas,
Qatar,QAT,2022,7.2045927,4.2233334,2.334801,0.030885221,0.012021076,63.97981157606548,fontes nacionais incompletas,
Qatar,QAT,2023,11.902598,6.7574906,3.3342166,0.58952314,0.7632421,59.04588993007353,fontes nacionais incompletas,Volume < mediana · Access < 70%
Romania,ROU,2016,26.286478,14.264324,10.871816,0.020825628,0.04749295,56.594447192175664,,
Romania,ROU,2017,26.286413,13.885262,11.393029,0.02161548,0.06992929,54.731383071937,,
Romania,ROU,2018,26.721983,13.790404,11.886099,0.027025728,0.083227545,53.47863009214241,,
Romania,ROU,2019,27.725185,14.240783,12.410516,0.033069838,0.121206366,53.12619815699741,,
Romania,ROU,2020,26.848366,13.10779,12.907387,0.040855106,0.08885342,50.135197520619656,,
Romania,ROU,2021,27.321436,13.137928,13.423589,0.05552535,0.11031997,49.15534815109282,,
Romania,ROU,2022,29.410583,14.483673,14.019801,0.057372022,0.10577005,50.52452986994468,,
Romania,ROU,2023,29.610432,14.7901535,13.819945,0.061521254,0.05097976,51.493088196251065,,Volume ≥ mediana · Access < 70%
Russia,RUS,2016,17.317398,8.060394,7.193993,0.006660425,0.2938161,51.819123883955776,,
Russia,RUS,2017,18.376299,8.503319,7.343604,0.010179336,0.4045491,52.29062394718026,,
Russia,RUS,2018,17.06708,7.6679215,7.1467094,0.016928857,0.37715635,50.4179409100203,,
Russia,RUS,2019,17.280487,7.9189277,7.3382297,0.019492537,0.45871097,50.3256820533249,,
Russia,RUS,2020,21.284985,8.207624,11.23324,0.037886348,0.45066532,41.18346536962802,,
Russia,RUS,2021,18.207815,7.187242,9.041573,0.048221745,0.4203027,43.04423482360366,,
Russia,RUS,2022,16.690329,7.002181,7.950915,0.059766125,0.4290948,45.34516599164779,,
Russia,RUS,2023,17.453678,7.3521523,8.154845,0.17341383,0.49426395,45.45471401209748,,Volume < mediana · Access < 70%
Rwanda,RWA,2022,8.681356,7.338051,1.324604,1.99e-06,0.0,84.70901027791936,somente setor público reportado,Volume < mediana · Access ≥ 70%
Saudi Arabia,SAU,2022,10.54433,6.2954235,4.0663085,0.04689784,0.00578904,60.44910976348208,somente setor público reportado,
Saudi Arabia,SAU,2023,9.284593,5.7238436,3.3919163,0.05375941,0.005151643,62.38745377705756,somente setor público reportado,Volume < mediana · Access < 70%
Sudan,SDN,2021,15.162234,5.4043508,9.757884,0.0,0.0,35.643497619493395,,Volume < mediana · Access < 70%
Senegal,SEN,2021,12.907568,9.644458,3.1673672,0.0,0.095742896,74.71940437012898,,
Senegal,SEN,2022,13.942334,10.779034,3.0443,0.0,0.119000666,77.31154256600887,,
Senegal,SEN,2023,12.836576,9.602545,3.1089108,0.0,0.1251202,74.80612431227766,,Volume < mediana · Access ≥ 70%
Singapore,SGP,2023,9.535659,6.041889,3.386074,0.033291183,0.034860093,63.62485564511334,,Volume < mediana · Access < 70%
Slovenia,SVN,2016,13.169802,9.634172,3.4432216,0.018133657,0.004337281,73.54405820039786,,
Slovenia,SVN,2017,13.29161,9.674772,3.540549,0.021045653,0.005329715,73.06293492259903,,
Slovenia,SVN,2018,13.332591,9.689403,3.5615332,0.020769108,0.007841453,72.96486223804187,,
Slovenia,SVN,2019,13.200936,9.638487,3.473415,0.022087224,0.014735727,73.30358674258346,,
Slovenia,SVN,2020,10.430347,7.292098,2.9678476,0.034440972,0.03952492,70.56474216607313,,
Slovenia,SVN,2021,10.4180565,7.212199,3.014024,0.039189376,0.05067163,69.91217787491134,,
Slovenia,SVN,2022,12.699155,9.125766,3.3581917,0.03564038,0.06946626,72.489628724862,,
Slovenia,SVN,2023,13.757066,10.018336,3.4814837,0.034239713,0.08132817,73.58098283231222,,Volume < mediana · Access ≥ 70%
Sweden,SWE,2016,12.606066,9.485116,2.662444,0.01881454,0.000132275,77.96088182275844,,
Sweden,SWE,2017,12.098713,9.213383,2.5693839,0.018231492,0.00011104,78.07217662957098,,
Sweden,SWE,2018,11.760201,9.009352,2.4812925,0.018741228,0.000190636,78.2770079025647,,
Sweden,SWE,2019,11.362884,8.598267,2.5099826,0.021882365,0.000304599,77.25004271449707,,
Sweden,SWE,2020,9.938737,7.239714,2.4722416,0.023943642,0.0001609,74.3597912750034,,
Sweden,SWE,2021,9.67051,6.9949837,2.4602532,0.027060218,0.00020485799,73.76727911801679,,Volume < mediana · Access ≥ 70%
Tajikistan,TJK,2016,21.690807,12.970551,7.5163107,0.00801949,0.5247042,61.70697832208765,,
Tajikistan,TJK,2017,16.988468,7.565818,8.238093,0.001979854,0.5748568,46.18725689332325,,
Tajikistan,TJK,2018,20.014984,8.2919445,10.760237,0.025923172,0.32105505,42.74383333519521,,
Tajikistan,TJK,2019,23.487333,12.691599,10.23312,0.02222854,0.24018502,54.735526124925904,,
Tajikistan,TJK,2020,30.764942,12.275934,17.539337,0.035968494,0.45915413,40.50074094148293,,
Tajikistan,TJK,2021,20.157782,9.792354,9.505768,0.23196982,0.48693576,48.920120436782646,,
Tajikistan,TJK,2022,17.24081,8.050506,7.285012,0.016695257,1.3756597,48.126298069660784,,
Tajikistan,TJK,2023,18.814314,10.039482,8.268837,0.008007723,0.35065335,53.78203630549299,,Volume ≥ mediana · Access < 70%
East Timor,TLS,2016,6.7746153,5.7753468,0.9992686,0.0,0.0,85.24981063869691,somente setor público reportado,
East Timor,TLS,2017,8.0168495,7.0210114,0.9958382,0.0,0.0,87.57818532606623,somente setor público reportado,
East Timor,TLS,2018,6.5744495,5.604706,0.9697438,0.0,0.0,85.2498105620945,somente setor público reportado,
East Timor,TLS,2019,7.783921,6.8170166,0.9669042,0.0,0.0,87.57818553343965,somente setor público reportado,Volume < mediana · Access ≥ 70%
Tunisia,TUN,2016,31.17113,23.7888,7.36321,0.010770846,0.008346808,76.31677706387799,escopo de classes antimicrobianas parcial,
Tunisia,TUN,2017,33.71871,25.30558,8.405307,0.002828694,0.004997099,75.04906891123505,escopo de classes antimicrobianas parcial,
Tunisia,TUN,2018,36.595154,27.092678,8.638214,0.0038479548,0.8604131,74.03351465542345,escopo de classes antimicrobianas parcial,
Tunisia,TUN,2019,29.360117,21.94498,6.579109,0.00473397,0.83129454,74.74418313389101,escopo de classes antimicrobianas parcial,
Tunisia,TUN,2020,28.775444,20.526608,7.203237,0.003616817,1.0419829,71.33376461032854,escopo de classes antimicrobianas parcial,
Tunisia,TUN,2021,22.920853,14.615929,7.40404,0.004857042,0.896027,63.76695044123305,escopo de classes antimicrobianas parcial,
Tunisia,TUN,2022,27.98314,18.64732,8.736894,0.003441281,0.5954871,66.63769117174331,escopo de classes antimicrobianas parcial,
Tunisia,TUN,2023,33.54817,24.333237,7.047819,0.008068808,2.1590455,72.53223283595118,escopo de classes antimicrobianas parcial,Volume ≥ mediana · Access ≥ 70%
Tanzania,TZA,2017,119.09601,109.31232,6.3418846,0.0,3.2743077,91.91430876075964,,
Tanzania,TZA,2018,47.245945,31.14042,13.48729,0.0,2.6177654,65.91196243947626,,
Tanzania,TZA,2019,46.409637,25.622658,17.713764,1.23e-06,2.7355077,55.614465212951735,,
Tanzania,TZA,2020,29.00335,15.723673,6.4117327,0.0,4.407062,59.23968026529801,,
Tanzania,TZA,2021,36.185547,16.954794,10.988245,0.0,7.686917,47.58578427657895,,
Tanzania,TZA,2022,34.519592,15.369908,13.557109,0.0,4.814052,45.55252235784232,,
Tanzania,TZA,2023,29.252254,20.012865,7.326545,0.008116056,1.3554388,69.72403408638309,,Volume ≥ mediana · Access < 70%
Uganda,UGA,2021,21.272966,12.718287,6.7735424,0.005110386,0.13832547,64.77267729354274,,
Uganda,UGA,2022,23.38928,12.024688,7.8216467,0.010929764,1.7936769,55.53886917819653,,
Uganda,UGA,2023,27.420889,14.909237,9.693218,0.013484294,1.7462882,56.55530058449468,,Volume ≥ mediana · Access < 70%
Ukraine,UKR,2016,10.716259,4.697842,3.7380593,0.012588151,0.27046543,53.88079264221622,,
Ukraine,UKR,2017,11.339033,4.731856,6.1115966,0.012030603,0.48691708,41.71829491057647,,
Ukraine,UKR,2018,13.329253,4.9810743,6.7755547,0.032510772,0.42423597,40.78376368026425,,
Ukraine,UKR,2019,20.635069,6.7912483,12.590677,0.091337785,0.18066663,34.55414972211322,,
Ukraine,UKR,2020,18.115961,3.2277107,13.465722,0.19697465,0.3934125,18.674753196990768,,
Ukraine,UKR,2021,13.205445,4.652001,7.8898797,0.24858855,0.41497666,35.227897881715684,,
Ukraine,UKR,2022,10.670539,4.236593,5.832055,0.1840814,0.41780972,39.70364526436412,,
Ukraine,UKR,2023,10.645125,4.5894833,5.39758,0.037042953,0.42670858,43.91507622456409,,Volume < mediana · Access < 70%
South Africa,ZAF,2019,20.089249,9.072138,1.4977542,0.010989577,2.12e-06,85.74083307512925,somente setor público reportado,
South Africa,ZAF,2020,22.585402,9.650268,1.9124665,0.020147076,5.39e-06,83.31487675159964,somente setor público reportado,
South Africa,ZAF,2021,25.790842,11.472426,2.8614419,0.022809014,6.02e-06,79.91000464898892,somente setor público reportado,
South Africa,ZAF,2022,29.496218,15.045391,3.5276575,0.02521063,1.44e-05,80.89670783543961,somente setor público reportado,
South Africa,ZAF,2023,29.523716,15.1302805,3.707439,0.030695809,2.58e-05,80.18829119265743,somente setor público reportado,Volume ≥ mediana · Access ≥ 70%
Zambia,ZMB,2023,24.699373,18.927828,4.9355536,0.0072260974,0.19705483,78.64423052488576,,Volume ≥ mediana · Access ≥ 70%
