country_iso3,country_name,region,income_group,expected_schooling,gdp_per_capita_ppp,health_spending_ppp,life_expectancy,obesity_prevalence,physicians_density,population,tobacco_prevalence,under5_mortality,predicted_life_expectancy_loo,residual_loo,absolute_residual_loo,prediction_band_low,prediction_band_high,position,cooks_distance,leverage,pc1,pc2,cluster_k2,cluster_k4,stable_all_specs
AFG,Afghanistan,"Middle East, North Africa, Afghanistan & Pakistan",Low income,,2967.692067153,231.533667789642,60.32951348,12.547846,2.9,33831764.0,26.4,71.9,65.65134897127957,-5.321835491279572,5.321835491279572,61.18295124622852,70.11974669633062,below,0.012456007405741302,0.03430473460067461,2.477112679372837,0.7956352384453937,2,3,False
ALB,Albania,Europe & Central Asia,Upper middle income,15.0763,13876.7616296598,749.185049076799,77.76638448,19.295518,,2731293.0,25.5,9.6,72.82268475696713,4.943699723032864,4.943699723032864,68.35428703191607,77.2910824820182,above,0.00226506054660467,0.007228925420065565,-0.6888559686314217,0.29124349835290125,1,2,False
ARE,United Arab Emirates,"Middle East, North Africa, Afghanistan & Pakistan",High income,,75238.5571858454,2437.34971906404,80.71356774,31.76173,23.61,8505237.0,11.2,7.6,79.60044620086951,1.1131215391304892,1.1131215391304892,75.13204847581846,84.06884392592056,within,0.0007406301998411891,0.04662451645447224,-2.149215484512044,-1.608218792976534,1,1,True
ARG,Argentina,Latin America & Caribbean,Upper middle income,17.40955,28669.2061336796,2044.36740095168,76.5300965,28.83673,49.69,43477012.0,26.7,11.7,77.21972842939579,-0.6896319293957873,0.6896319293957873,72.75133070434472,81.68812615444685,within,9.09165169947892e-05,0.01491097922202832,-1.4388397725784972,0.08828235748622547,1,1,True
ARM,Armenia,Europe & Central Asia,Upper middle income,12.96795,13112.7600902915,1015.35194765081,74.27859114,21.192832,29.19,3004600.0,28.9,14.7,73.44691095307253,0.8316801869274713,0.8316801869274713,68.97851322802148,77.91530867812358,within,0.00014371848919395957,0.016206828231085397,-0.4785675831689684,0.5749364377249707,1,2,True
AUS,Australia,East Asia & Pacific,High income,23.08892,55879.9958817103,4760.54357572354,82.287472,27.004611,34.86,23815995.0,15.4,3.9,80.16505136575316,2.1224206342468364,2.1224206342468364,75.6966536407021,84.63344909080422,within,0.001706518845313473,0.029549236716810295,-2.6159057598005346,-1.1497208565331856,1,1,True
AUT,Austria,Europe & Central Asia,High income,15.95141,60951.6037273662,5247.51839437757,80.98621911,14.619385,50.98,8642699.0,31.2,3.7,82.1442459393377,-1.1580268293377003,1.1580268293377003,77.67584821428665,86.61264366438874,within,0.0005822605345219823,0.03386711551706347,-2.6168700887756615,0.5061261925492228,1,1,True
AZE,Azerbaijan,Europe & Central Asia,Upper middle income,,20678.7539572375,647.518914149671,73.62700051,22.894016,33.28,9649341.0,22.4,27.9,73.69893005338344,-0.07192954338343327,0.07192954338343327,69.23053232833237,78.1673277784345,within,1.0821761155254476e-06,0.016314787998126933,-0.11314101871330506,-0.12016392645015463,1,2,True
BDI,Burundi,Sub-Saharan Africa,Low income,11.52796,992.28580552029,50.1679801684129,62.7069542,3.3372685,0.46,11047580.0,14.1,66.9,57.75179845273993,4.955155747260065,4.955155747260065,53.28340072768888,62.22019617779099,above,0.014896549955437027,0.04732266294800598,3.744312324975111,0.017221468953242662,2,4,False
BEL,Belgium,Europe & Central Asia,High income,19.76292,57509.0245728704,5032.23017951923,80.70631194,18.389861,30.17,11274196.0,25.7,4.1,81.36367565679438,-0.6573637167943787,0.6573637167943787,76.89527793174332,85.83207338184545,within,0.00014782866809213543,0.026683654081573402,-2.5072921954979464,-0.05945300364455964,1,1,True
BEN,Benin,Sub-Saharan Africa,Lower middle income,12.80451,2952.00218338705,74.3508582501171,62.62662,8.8138655,,11360681.0,9.4,96.1,62.06396182028504,0.5626581797149655,0.5626581797149655,57.59556409523398,66.53235954533609,within,0.00012936964177804924,0.03187433984943726,3.261689614856727,-0.7162738363042828,2,4,True
BFA,Burkina Faso,Sub-Saharan Africa,Low income,8.25893,2101.70266192027,86.8105637363947,60.94298433,4.3594766,0.63,18777487.0,16.5,100.8,61.81433722066146,-0.8713528906614556,0.8713528906614556,57.3459394956104,66.28273494571252,within,0.00026389740817685627,0.02711097080413523,3.4528215504100928,0.06243250501500156,2,4,True
BGD,Bangladesh,South Asia,Lower middle income,,5352.71133299566,95.7094284834595,73.19207211,3.2357212,4.76,159383179.0,39.1,38.5,66.50423045689453,6.687841653105465,6.687841653105465,62.03583273184348,70.9726281819456,above,0.04475500517748999,0.07804907223790812,1.480288487972392,2.1013819405643055,2,3,True
BGR,Bulgaria,Europe & Central Asia,High income,14.94668,24562.648880929,1388.45076597855,74.56358707,18.698044,40.41,6984225.0,40.4,8.2,77.23773289082192,-2.67414582082192,2.67414582082192,72.76933516577085,81.70613061587298,within,0.0025896765930465866,0.028247073318324434,-1.2713676608587923,1.6148368465862608,1,1,True
BHR,Bahrain,"Middle East, North Africa, Afghanistan & Pakistan",High income,15.99202,54149.9131524721,2283.39810616744,75.75082454,32.848486,9.27,1370322.0,17.2,7.7,78.92467138132704,-3.173846841327048,3.173846841327048,74.45627365627598,83.3930691063781,within,0.003446896732472941,0.026690360424280503,-1.8081667068232616,-0.9628392862906564,1,1,True
BHS,"Bahamas, The",Latin America & Caribbean,High income,,32777.5849410742,1661.91509973762,72.92357543,42.025879,,385346.0,15.5,14.0,76.39183570565933,-3.4682602756593326,3.4682602756593326,71.92343798060827,80.8602334307104,within,0.006120133842361228,0.039685846985458,-1.2339747730986315,-1.1369569125963452,1,2,True
BIH,Bosnia and Herzegovina,Europe & Central Asia,Upper middle income,,14220.0900038037,1120.60829265156,76.9957646,18.461807,21.07,3518541.0,40.0,6.7,74.75739163510666,2.238372964893344,2.238372964893344,70.28899391005561,79.2257893601577,within,0.0020805268941273447,0.03238967032155733,-1.189753520457143,1.6793431043790517,1,1,True
BLR,Belarus,Europe & Central Asia,Upper middle income,15.56528,25513.2132958317,1096.81250685851,73.73950531,21.69091,42.55,9461076.0,33.7,4.1,76.34569484429628,-2.606189534296277,2.606189534296277,71.87729711924521,80.81409256934734,within,0.0015353133206745825,0.01763125075239811,-1.4074297168973473,0.9815858650242575,1,1,False
BLZ,Belize,Latin America & Caribbean,Upper middle income,12.79226,12348.7944978311,444.458802251332,74.30568158,37.289664,,356333.0,10.1,15.6,69.87192471100788,4.43375686899212,4.43375686899212,65.40352698595683,74.34032243605893,within,0.010695553790148657,0.0424382654109,-0.17961490708128738,-1.3395067608269287,1,2,True
BOL,Bolivia,Latin America & Caribbean,Lower middle income,,11144.6415720641,468.504622088813,71.94895895,23.10584,,11014705.0,16.2,26.7,70.43792925269018,1.511029697309823,1.511029697309823,65.96953152763913,74.90632697774123,within,0.00031454285896891825,0.01074563109969907,0.45109060161172426,-0.5896144690532614,2,2,True
BRA,Brazil,Latin America & Caribbean,Upper middle income,,18357.0690617991,1320.48649469287,74.711289,21.678105,,201675532.0,15.2,16.0,74.02557049735998,0.6857185026400145,0.6857185026400145,69.55717277230892,78.49396822241104,within,9.9954904470673e-05,0.01658099044963276,-0.47439505483091515,-0.8393495465840977,1,2,True
BRN,Brunei Darussalam,East Asia & Pacific,High income,14.62773,81910.1882959493,1496.89287932291,76.55761257,27.06863,17.5,422212.0,15.9,10.7,79.72211354314581,-3.164500973145806,3.164500973145806,75.25371581809475,84.19051126819687,within,0.009662553917390283,0.07526265942486643,-1.5763971420180494,-1.059686776239751,1,1,True
BTN,Bhutan,South Asia,Lower middle income,,12400.2983237391,334.923831761654,73.07489389,8.3270825,3.39,740618.0,22.7,29.2,70.85322209293052,2.221671797069476,2.221671797069476,66.38482436787947,75.32161981798157,within,0.0015541051824374806,0.024559453680809428,0.7309762678395516,0.21649449114081598,2,3,True
BWA,Botswana,Sub-Saharan Africa,Upper middle income,,15994.9643042101,863.173293373375,62.04575871,15.852104,,2203273.0,22.1,46.7,73.4801432906322,-11.434384580632198,11.434384580632198,69.01174556558115,77.94854101568325,below,0.013080096743823884,0.007803392700184751,0.9990747752731247,-0.030745881417762112,2,2,True
CAN,Canada,North America,High income,15.8914,55660.8455840759,4773.7481512308,81.64860674,25.112811,,35704498.0,15.9,5.3,80.24148358351303,1.4071231564869748,1.4071231564869748,75.77308585846197,84.70988130856409,within,0.0007314347980392199,0.028814394299707946,-2.406090649615004,-1.0892634699631403,1,1,True
CHE,Switzerland,Europe & Central Asia,High income,16.19401,78325.7487417695,7166.58637587459,82.58994495,10.323732,41.96,8282396.0,25.6,4.3,83.19532651692577,-0.6053815669257716,0.6053815669257716,78.72692879187471,87.66372424197684,within,0.0002176415746787132,0.046321388620647816,-2.6675704751762654,-0.06924984763419219,1,1,True
CHL,Chile,Latin America & Caribbean,High income,16.36504,27817.9584848024,1875.54597367726,80.12508082,32.217586,21.38,18047625.0,32.9,7.9,77.33051276709995,2.794568052900047,2.794568052900047,72.86211504204888,81.79891049215101,within,0.002145344447033818,0.021427215999629795,-1.9765038763280416,0.6640861275363078,1,1,True
CHN,China,East Asia & Pacific,Upper middle income,,14857.1088234405,647.362591709039,76.5103545,5.3780992,17.97,1379860000.0,24.3,10.7,72.83690143559335,3.673453064406658,3.673453064406658,68.36850371054229,77.30529916064441,within,0.0034241599132133504,0.01979261354887824,-0.19125986727546354,0.33806117417409404,1,2,True
CIV,Cote d'Ivoire,Sub-Saharan Africa,Lower middle income,8.89246,5110.90021438908,141.792156353083,60.9342411,8.9025788,,25246342.0,10.8,85.5,65.40263882505106,-4.468397725051055,4.468397725051055,60.9342411,69.8710365501021,within,0.006299948059035773,0.024611122481633163,2.8246233558664464,-0.7159034322383993,2,4,False
CMR,Cameroon,Sub-Saharan Africa,Lower middle income,12.15103,4698.66677843587,144.313662066752,58.9843954,12.567165,,22763414.0,8.2,88.5,64.92641028735194,-5.942014887351945,5.942014887351945,60.45801256230089,69.39480801240299,below,0.011080706922332472,0.024479249232218593,2.9478862366770366,-0.9914492644624938,2,4,False
COD,"Congo, Dem. Rep.",Sub-Saharan Africa,Low income,,1433.21579814709,34.1012416388131,59.96244072,4.6812337,,81035531.0,14.3,91.9,58.5047588842244,1.4576818357755954,1.4576818357755954,54.036361159173346,62.973156609275456,within,0.001099680139248112,0.04036816370945344,4.001333459997058,0.004097635891076532,2,4,True
COG,"Congo, Rep.",Sub-Saharan Africa,Lower middle income,,8977.70681641417,110.763398855406,62.05475682,8.9605339,,5097581.0,13.8,52.7,67.44258951150049,-5.387832691500485,5.387832691500485,62.97419178644943,71.91098723655153,below,0.02746689080529005,0.07380391427595971,2.342409563174886,-0.47043536233843586,2,4,True
COL,Colombia,Latin America & Caribbean,Upper middle income,14.29211,16821.3801400631,999.680002005233,77.34484367,19.96593,18.81,46969940.0,9.9,15.5,72.73740678474348,4.607436885256519,4.607436885256519,68.26900905969242,77.20580450979455,above,0.0052967305082521786,0.019461987286258836,-0.37945128732185335,-1.3026277517692164,1,2,False
COM,Comoros,Sub-Saharan Africa,Lower middle income,,3370.5557232032,135.702311793372,67.42647275,12.091873,,726682.0,16.2,48.9,64.0842518291601,3.3422209208399067,3.3422209208399067,59.61585410410904,68.55264955421114,within,0.00240532360101976,0.016795823524775818,2.2018819053716148,-0.1678705100612288,2,4,True
CPV,Cabo Verde,Sub-Saharan Africa,Upper middle income,13.14307,7560.13649202469,298.08394938776,74.82831017,12.224144,8.0,512394.0,13.3,19.2,68.08677993811712,6.7415302318828765,6.7415302318828765,63.61838221306606,72.55517766316817,above,0.00783888706006039,0.013453507694653893,0.7633373787034479,-0.6433188029034643,2,2,False
CRI,Costa Rica,Latin America & Caribbean,High income,15.23608,21265.3176336354,1343.15949943622,80.57423676,27.007493,18.06,4818038.0,10.5,9.0,73.99463091963766,6.579605840362348,6.579605840362348,69.52623319458661,78.4630286446887,above,0.012835275665829116,0.023126160885974086,-1.1969514905924754,-1.380569978747277,1,2,True
CYP,Cyprus,Europe & Central Asia,High income,14.57015,37258.5,2136.11670471907,81.80149333,21.73705,24.98,1219502.0,34.8,2.5,78.87424525002794,2.9272480799720597,2.9272480799720597,74.40584752497688,83.342642975079,within,0.0021229785667658285,0.019325228913424062,-2.5388117789927898,0.9498110132075929,1,1,True
CZE,Czechia,Europe & Central Asia,High income,16.86044,42066.5759800801,2489.06836173485,78.48257933,23.123886,,10546059.0,30.6,3.2,79.30100890818842,-0.8184295781884288,0.8184295781884288,74.83261118313737,83.76940663323947,within,0.00013237193121527232,0.015414568392766566,-2.2917902866522324,0.49821723595430295,1,1,True
DEU,Germany,Europe & Central Asia,High income,16.78934,59668.9890355282,5336.07266430052,80.4259243,20.57406,41.2,81686611.0,26.1,3.9,81.61763798757802,-1.1917136875780159,1.1917136875780159,77.14924026252697,86.08603571262907,within,0.00047563147874522723,0.02612310714939841,-2.6070510079033213,-0.05354872668032801,1,1,True
DNK,Denmark,Europe & Central Asia,High income,19.23701,62059.1285991721,5074.47458938183,80.59412958,12.952186,39.3,5683483.0,22.0,4.1,81.43368174425939,-0.8395521642593877,0.8395521642593877,76.96528401920833,85.90207946931045,within,0.00030408098843092503,0.03365053661897802,-2.342163006510273,-0.3679771862630229,1,1,True
DZA,Algeria,"Middle East, North Africa, Afghanistan & Pakistan",Upper middle income,,15239.5171456469,874.606874516976,76.06909233,20.160908,18.35,40019529.0,21.2,24.9,73.09915570891091,2.96993662108909,2.96993662108909,68.63075798385987,77.56755343396196,within,0.0008414571147879964,0.007441075667350349,-0.20759040895254988,-0.1959274637112251,1,2,False
ECU,Ecuador,Latin America & Caribbean,Upper middle income,15.19845,13881.5700738105,844.972347142966,77.15293465,22.483808,18.06,16266225.0,11.3,15.3,71.82952299989577,5.323411650104234,5.323411650104234,67.36112527484471,76.29792072494683,above,0.0065650488264751726,0.018069908606416128,-0.31603102591085713,-1.1487411579334657,1,2,False
EGY,"Egypt, Arab Rep.","Middle East, North Africa, Afghanistan & Pakistan",Lower middle income,,13425.9119599492,581.864496371668,70.05641038,39.606917,7.63,99597342.0,22.6,26.5,71.85956769985152,-1.8031573198515218,1.8031573198515218,67.39116997480048,76.32796542490257,within,0.0014236353283931377,0.034153059544344305,-0.09363269991288954,-0.19745885524613008,1,2,True
ESP,Spain,Europe & Central Asia,High income,17.47447,43053.761430314,3233.04254906521,82.32940416,19.09956,38.26,46422303.0,30.0,3.3,79.80177456004999,2.5276295999500036,2.5276295999500036,75.33337683499894,84.27017228510104,within,0.0016239605609969271,0.01982652992095143,-2.51329557237045,0.4381938774603492,1,1,True
EST,Estonia,Europe & Central Asia,High income,16.11494,36353.0580520449,1938.98623101845,77.63428878,20.852143,34.17,1315407.0,32.6,3.2,78.52060081038938,-0.8863120303893766,0.8863120303893766,74.05220308533833,82.98899853544043,within,0.00016776558966746444,0.01665818558398138,-2.0700355510299997,0.7680579816199223,1,1,True
ETH,Ethiopia,Sub-Saharan Africa,Low income,,1957.41454184551,62.4177160410784,67.10395358,1.7359033,,103867135.0,5.5,64.4,59.80220370463777,7.301749875362226,7.301749875362226,55.333805979586714,64.27060142968882,above,0.02855739014594148,0.041779448989712,3.282558285781661,-0.9382667592757774,2,4,False
FIN,Finland,Europe & Central Asia,High income,19.31862,52782.4873926277,4099.9675611187,81.19884704,20.42466,26.98,5479531.0,26.8,2.5,80.72189660802795,0.4769504319720568,0.4769504319720568,76.25349888297688,85.19029433307901,within,6.026969837071872e-05,0.020665723863665435,-2.7113359333698988,0.07529533477060789,1,1,True
FJI,Fiji,East Asia & Pacific,Upper middle income,,11674.0633676202,390.106130344108,67.8018416,31.667289,8.13,918578.0,28.7,20.9,71.24594280836602,-3.444101208366021,3.444101208366021,66.77754508331498,75.71434053341707,within,0.0040257356531787246,0.026472291752385378,0.22357177077121693,0.5635380801982369,1,2,True
FRA,France,Europe & Central Asia,High income,15.4227,50682.8953586333,4711.86798705055,81.90513823,12.536877,31.84,66548272.0,33.7,4.2,81.46772802432811,0.43741020567189537,0.43741020567189537,76.99933029927706,85.93612574937916,within,9.642878236516182e-05,0.03931216448104841,-2.4965425363797062,0.8010041661440604,1,1,True
GAB,Gabon,Sub-Saharan Africa,Upper middle income,,20147.7116201795,380.1839701867,64.00078432,17.147513,,2040989.0,13.3,44.4,72.37028220530782,-8.369497885307823,8.369497885307823,67.90188448025677,76.83867993035886,below,0.04090312449480218,0.045546580085602806,1.1798462492143922,-0.8567383398806256,2,2,False
GBR,United Kingdom,Europe & Central Asia,High income,17.32866,50462.8329992477,4225.91644790382,80.65863594,25.606212,27.67,65087000.0,19.2,4.5,79.95222596120496,0.7064099787950369,0.7064099787950369,75.4838282361539,84.42062368625602,within,0.00014920876330663834,0.023322697359090986,-2.4014292047471497,-0.7374620285756184,1,1,True
GEO,Georgia,Europe & Central Asia,Upper middle income,14.46464,14936.8434116647,1043.96680383389,72.85013916,29.186729,53.13,3725276.0,33.6,10.6,74.26685919994324,-1.4167200399432431,1.4167200399432431,69.79846147489218,78.7352569249943,within,0.0005695114746379464,0.022132603376114987,-0.8695824436643584,0.9369645217566136,1,2,True
GHA,Ghana,Sub-Saharan Africa,Lower middle income,11.5566,5607.36635657413,235.842765374433,64.33720534,10.941679,1.14,28696068.0,4.5,52.5,66.07855879353394,-1.7413534535339465,1.7413534535339465,61.61016106848289,70.546956518585,within,0.001106783393384419,0.02846996072568131,2.2427889655957447,-1.4087952406871829,2,4,True
GMB,"Gambia, The",Sub-Saharan Africa,Low income,,2495.95741601525,63.2149503666416,63.79523685,8.5227117,0.96,2224529.0,13.9,58.9,61.486371345972344,2.3088655040276578,2.3088655040276578,57.01797362092129,65.9547690710234,within,0.002021263241105089,0.029574928587164494,3.0324105860851462,-0.2210004376077233,2,4,True
GNB,Guinea-Bissau,Sub-Saharan Africa,Low income,,2230.52993109779,140.683848350167,57.5801364,8.6569585,1.98,1786457.0,11.0,91.6,62.58399570405471,-5.003859304054707,5.003859304054707,58.11559797900365,67.05239342910576,below,0.011949148539481895,0.037224157492238306,3.4141260527176276,-0.557659597746854,2,4,False
GRC,Greece,Europe & Central Asia,High income,,31347.976574604,2192.77755589205,80.41608244,25.214282,59.02,10820883.0,36.7,4.3,78.43596018149111,1.9801222585088851,1.9801222585088851,73.96756245644005,82.90435790654217,within,0.0011266187294384788,0.02241253869951048,-2.2687760856533594,1.101549229255236,1,1,True
GTM,Guatemala,Latin America & Caribbean,Upper middle income,10.75268,10785.9583125957,536.578179396124,72.0454314,21.573517,,15971743.0,12.2,28.1,70.26856214415835,1.7768692558416461,1.7768692558416461,65.80016441910729,74.73695986920941,within,0.0005697764255112733,0.014076400900092679,0.5388560094991259,-0.9708994564227551,2,2,True
GUY,Guyana,Latin America & Caribbean,High income,,12040.08253302,458.922703832091,66.95276619,23.467669,,758781.0,16.3,33.3,70.73494964855134,-3.78218345855133,3.78218345855133,66.26655192350029,75.20334737360238,within,0.0021858700570626635,0.011918929642545557,0.8193497737796787,-0.5808469264681172,2,2,True
HND,Honduras,Latin America & Caribbean,Lower middle income,9.88421,5812.5348879105,362.634075316857,69.52898147,25.14267,,9237305.0,13.6,20.3,67.42779670573296,2.101184764267046,2.101184764267046,62.959398980681904,71.89619443078402,within,0.001383109372040139,0.024435775979664648,0.8433857071990135,-0.7202968586182694,2,2,True
HRV,Croatia,Europe & Central Asia,High income,15.22484,29466.4506365792,1569.18138814489,77.60709528,25.067911,32.1,4151725.0,34.6,4.9,77.48579135549379,0.12130392450620775,0.12130392450620775,73.01739363044274,81.95418908054484,within,3.3226181077246556e-06,0.017612816937433762,-1.8520689952053708,0.9492844415789254,1,1,True
HTI,Haiti,Latin America & Caribbean,Lower middle income,,3402.0283988016,153.396223389899,62.5149437,8.6905643,0.87,10523242.0,9.0,69.1,63.91059621734827,-1.3956525173482675,1.3956525173482675,59.442198492297216,68.37899394239932,within,0.0006378496461585263,0.025542406330578804,2.8136245468403556,-0.8332294221792446,2,4,True
HUN,Hungary,Europe & Central Asia,High income,15.2196,31485.5675425634,1842.37776890944,75.5700037,26.965424,30.98,9797755.0,33.3,5.1,77.92739931101528,-2.357395611015278,2.357395611015278,73.45900158596422,82.39579703606634,within,0.0011927554689053037,0.016741122421304235,-1.8169299487036714,0.7831415111386479,1,1,True
IDN,Indonesia,East Asia & Pacific,Upper middle income,13.33804,10893.6621142169,293.233792506128,70.53899644,6.7955256,2.7,261799249.0,32.0,26.1,70.97575568984519,-0.43675924984518133,0.43675924984518133,66.50735796479412,75.44415341489625,within,8.641302460445042e-05,0.03533402244975771,0.8124022816629155,1.182824899291471,2,3,True
IND,India,South Asia,Lower middle income,11.94596,6301.67346968236,195.065786039975,69.3779891,4.8691355,7.23,1328024498.0,31.6,43.7,68.25751301892626,1.1204760810737326,1.1204760810737326,63.789115293875206,72.72591074397732,within,0.0004991291170213359,0.031010289621101774,1.5383601937437885,1.2722738459200464,2,3,True
IRL,Ireland,Europe & Central Asia,High income,18.70903,80815.6415277345,5094.93823964345,81.13790588,25.680992,31.19,4701957.0,23.4,3.7,82.3129462493375,-1.175040369337495,1.175040369337495,77.84454852428644,86.78134397438856,within,0.0003948305957796345,0.0223050561798079,-2.8573418642077475,-0.41446500118670415,1,1,True
IRN,"Iran, Islamic Rep.","Middle East, North Africa, Afghanistan & Pakistan",Upper middle income,,14841.9048340737,1147.52076688832,77.27827213,21.504161,10.95,82619362.0,14.8,15.5,72.92212359552704,4.356148534472965,4.356148534472965,68.45372587047598,77.3905213205781,within,0.004753917378715383,0.019540891216448156,-0.49497667379256,-0.8402308894998909,1,2,False
IRQ,Iraq,"Middle East, North Africa, Afghanistan & Pakistan",Upper middle income,,13516.0271989173,313.40838756544,71.00605468,36.186728,7.18,37560535.0,20.8,29.3,70.56856934336095,0.43748533663905675,0.43748533663905675,66.1001716183099,75.036967068412,within,0.00011718650586135173,0.04775828245356717,0.22440994581778648,-0.2804632101705177,1,2,True
ISL,Iceland,Europe & Central Asia,High income,19.3477,61820.3618857662,4000.06947783979,82.12605142,19.651191,37.73,330815.0,14.4,2.6,80.2234353725722,1.9026160474277987,1.9026160474277987,75.75503764752114,84.69183309762326,within,0.0012769230083932,0.027514428625237453,-2.5721667147784903,-1.1437927036206479,1,1,True
ISR,Israel,"Middle East, North Africa, Afghanistan & Pakistan",High income,16.17113,40889.5989080834,2620.64548850889,81.91113219,22.663184,34.31,8380100.0,24.1,3.9,78.7372078160946,3.1739243739054075,3.1739243739054075,74.26881009104355,83.20560554114564,within,0.001707898546768897,0.013224127171454625,-2.2973036616284883,-0.1499935772865369,1,1,True
ITA,Italy,Europe & Central Asia,High income,16.03337,47311.8255262709,3304.28620719502,82.20433624,15.456682,38.48,60229605.0,23.7,3.5,79.72009756707945,2.4842386729205543,2.4842386729205543,75.25169984202839,84.18849529213051,within,0.0016784825822365153,0.021214280127968395,-2.330636655320082,-0.148896884152833,1,1,True
JAM,Jamaica,Latin America & Caribbean,Upper middle income,12.33967,9931.89875715182,594.375336798722,72.28943851,28.609893,4.28,2802534.0,13.6,18.7,70.1681127973794,2.121325712620603,2.121325712620603,65.69971507232833,74.63651052243046,within,0.0012555753319973485,0.021763370694207747,0.15312163219424768,-0.8973911146701555,1,2,True
JOR,Jordan,"Middle East, North Africa, Afghanistan & Pakistan",Upper middle income,,10469.6306302225,669.035209462499,78.50941007,36.493459,27.26,9544729.0,33.2,16.5,71.8123139031653,6.697096166834697,6.697096166834697,67.34391617811426,76.28071162821635,above,0.020828896866627405,0.03622357386222108,-0.8792351531148171,0.8704071924449809,1,2,True
JPN,Japan,East Asia & Pacific,High income,,44589.3032854003,4392.67629747452,83.99957263,4.2680137,,127141000.0,22.3,2.8,79.89878402724723,4.100788602752772,4.100788602752772,75.43038630219618,84.36718175229828,within,0.011491955028254138,0.05330368712890577,-2.328012411523582,-0.17609914520863154,1,1,True
KAZ,Kazakhstan,Europe & Central Asia,Upper middle income,15.11816,30893.7594851041,683.639620397393,71.97923102,17.495191,37.26,18084169.0,25.6,11.9,75.66716441959863,-3.6879333995986343,3.6879333995986343,71.19876669454757,80.1355621446497,within,0.006971250050829364,0.039979984240409064,-0.5018453296717199,0.22746892434552612,1,2,True
KEN,Kenya,Sub-Saharan Africa,Lower middle income,,4679.62182831938,175.250024188806,64.29968929,8.3567381,,47088526.0,12.6,46.8,65.54345802796222,-1.2437687379622133,1.2437687379622133,61.07506030291116,70.01185575301326,within,0.00036463110023688306,0.018385376655673608,2.296154054066039,-0.5334389172500752,2,4,True
KGZ,Kyrgyz Republic,Europe & Central Asia,Lower middle income,12.96703,5600.2143342846,298.825105142561,71.54340028,16.072299,18.46,6040036.0,25.7,22.3,68.01287596393752,3.5305243160624826,3.5305243160624826,63.54447823888646,72.48127368898858,within,0.0020266141126207217,0.012682087509246619,0.8468341484473282,0.5668553835030037,2,3,True
KHM,Cambodia,East Asia & Pacific,Lower middle income,,4968.57276699143,201.242490733866,68.66739766,2.7725359,1.5,15623251.0,24.0,29.6,66.90946546741702,1.7579321925829845,1.7579321925829845,62.441067742365966,71.37786319246808,within,0.0008694865694414172,0.021946068798836215,1.6833790726849887,0.611065956004976,2,3,True
KIR,Kiribati,East Asia & Pacific,Lower middle income,,2616.17635911711,166.737065407313,61.68537375,43.749416,,116815.0,47.1,58.6,66.23474640022224,-4.549372650222239,4.549372650222239,61.76634867517118,70.7031441252733,below,0.03350248737625104,0.12626184302863508,1.3762258492280104,2.5014534117105622,2,3,False
KOR,"Korea, Rep.",East Asia & Pacific,High income,16.6031,44849.106767089,2573.42287690324,82.40187033,4.8409957,22.42,51014947.0,23.6,3.5,79.13193608091709,3.269934249082908,3.269934249082908,74.66353835586602,83.60033380596815,within,0.005074977708106561,0.037021515743716725,-1.9783632463952532,-0.006271943668169874,1,1,True
KWT,Kuwait,"Middle East, North Africa, Afghanistan & Pakistan",High income,14.69398,57763.5174574395,1908.05147125182,81.44722022,40.770072,26.47,3834574.0,19.6,9.1,78.69842575511217,2.748794464887837,2.748794464887837,74.2300280300611,83.16682348016323,within,0.004497001393872254,0.046423361447788525,-2.276341920117181,-0.8432027477569496,1,1,True
LAO,Lao PDR,East Asia & Pacific,Lower middle income,11.22174,6703.74124348885,149.331132502307,66.87363139,5.6516308,4.0,6801645.0,32.7,44.4,68.15408347989847,-1.2804520898984748,1.2804520898984748,63.68568575484742,72.62248120494954,within,0.0009596041070753875,0.045652391021945106,1.731694138734453,1.3976258721304011,2,3,True
LBN,Lebanon,"Middle East, North Africa, Afghanistan & Pakistan",Lower middle income,,14980.020515614,1264.11017471595,78.43741249,28.022563,21.23,6472469.0,41.4,12.9,75.0907392634397,3.3466732265602985,3.3466732265602985,70.62234153838864,79.55913698849076,within,0.0056678556668403116,0.03947210255982346,-1.3069934497236633,1.6540010554313358,1,1,False
LBR,Liberia,Sub-Saharan Africa,Low income,,1714.09047960464,170.118354189997,60.37754989,9.7562037,0.36,4659431.0,8.3,93.2,61.69460729130272,-1.3170574013027192,1.3170574013027192,57.22620956625166,66.16300501635376,within,0.0016110582071953775,0.07244358302872698,3.3135860696028328,-0.8241785268090911,2,4,True
LBY,Libya,"Middle East, North Africa, Afghanistan & Pakistan",Upper middle income,,12195.3486990421,1039.53068417024,72.65332031,32.220063,18.61,6531819.0,27.4,13.3,73.0041800472427,-0.3508597372427005,0.3508597372427005,68.53578232219164,77.47257777229376,within,4.544437204901194e-05,0.028794605714042257,-0.6339025634248524,0.3243150040104244,1,2,True
LCA,St. Lucia,Latin America & Caribbean,Upper middle income,13.89519,20939.8810312364,657.236944482248,76.39243252,28.198957,,174905.0,15.7,18.7,73.1024036230644,3.2900288969355955,3.2900288969355955,68.63400589801336,77.57080134811545,within,0.0031332470321605048,0.02257840760518727,-0.47571598310390356,-0.8283017823624952,1,2,True
LKA,Sri Lanka,South Asia,Upper middle income,,13329.779343882,434.534712526724,76.44590803,6.9951013,8.3,20970000.0,23.1,8.7,71.58502733076398,4.86088069923602,4.86088069923602,67.11662960571292,76.05342505581504,above,0.006267038149274299,0.02068857179199096,-0.1055344193192787,0.26819654069692844,1,2,False
LSO,Lesotho,Sub-Saharan Africa,Lower middle income,11.81651,2986.95866729879,283.111392694117,48.83813559,17.735034,,2104611.0,27.1,75.1,66.65312615675154,-17.81499056675154,17.81499056675154,62.184728431700485,71.1215238818026,below,0.18346974043325756,0.04509115398875942,2.992408595450022,0.8315901235168135,2,4,True
LTU,Lithuania,Europe & Central Asia,High income,16.44508,35264.7149248316,1858.08305816395,74.36612877,22.044916,43.38,2911109.0,35.4,5.0,78.61098704920587,-4.2448582792058716,4.2448582792058716,74.14258932415481,83.07938477425694,within,0.004609846482921343,0.019955295773793815,-1.7233298988335577,1.030555865851771,1,1,False
LUX,Luxembourg,Europe & Central Asia,High income,14.06477,130097.338289025,5546.68241910198,82.3849065,18.297787,29.08,569604.0,25.6,2.5,84.4603789608061,-2.075472460806097,2.075472460806097,79.99198123575505,88.92877668585714,within,0.0023424907103984376,0.0424172026395571,-3.200753802257013,-0.18665337301054996,1,1,True
LVA,Latvia,Europe & Central Asia,High income,15.8314,30599.6133134147,1405.77567653213,74.8108617,21.872352,31.97,1977527.0,37.8,5.1,77.78291186352187,-2.972050163521871,2.972050163521871,73.31451413847083,82.25130958857292,within,0.002794186116925583,0.024674090696292835,-1.6200322208652531,1.3112800293143039,1,1,True
MAR,Morocco,"Middle East, North Africa, Afghanistan & Pakistan",Lower middle income,,8198.80859375,403.686473721367,73.26259745,18.154462,,34607588.0,14.8,23.1,69.01338983035893,4.249207619641069,4.249207619641069,64.54499210530787,73.48178755541,within,0.0025440308449413995,0.010990173950224162,0.6309235801952716,-0.6083120611184835,2,2,True
MDA,Moldova,Europe & Central Asia,Upper middle income,11.63386,11691.0797484184,623.654913006427,71.14655162,23.362757,35.65,2835978.0,26.5,15.6,71.95817057397409,-0.8116189539740901,0.8116189539740901,67.48977284892302,76.42656829902515,within,7.773161718248538e-05,0.009204314271435622,-0.04517437779815133,0.39481526914264686,1,2,True
MDG,Madagascar,Sub-Saharan Africa,Low income,10.56871,1627.5806134224,74.9242056417763,63.35879155,2.7195975,,25426702.0,32.1,65.3,61.80149516052344,1.5572963894765621,1.5572963894765621,57.33309743547238,66.26989288557449,within,0.001403717343024131,0.04514765620195558,3.039043993615728,1.6521447120254114,2,3,True
MDV,Maldives,South Asia,Upper middle income,,18829.4481529112,1552.10542612148,77.25297582,12.542237,,428154.0,30.4,9.9,75.69252347648677,1.5604523435132336,1.5604523435132336,71.22412575143571,80.16092120153783,within,0.0007324093325918596,0.023461239178911124,-0.9617018971933198,0.7250792294257329,1,1,True
MEX,Mexico,Latin America & Caribbean,Upper middle income,14.19681,21408.9283216195,1054.36766735618,75.93967708,31.473061,23.4,121072306.0,17.6,16.6,74.19897822818443,1.7406988518155657,1.7406988518155657,69.73058050313338,78.66737595323548,within,0.0006506575827321607,0.016749556288978628,-0.7902338905918861,-0.7250525388255187,1,2,True
MKD,North Macedonia,Europe & Central Asia,Upper middle income,13.32862,19215.0740381192,921.047465171462,75.34082067,23.608172,30.17,1912430.0,39.9,11.1,75.45406390122747,-0.1132432312274716,0.1132432312274716,70.98566617617641,79.92246162627853,within,4.43577609211877e-06,0.026980078390209924,-1.0425195645171992,1.5727211537614585,1,1,True
MLI,Mali,Sub-Saharan Africa,Low income,7.34784,2686.56065073799,80.5693365319561,60.12125985,8.6353749,0.94,18593022.0,10.1,109.7,62.00920627028522,-1.8879464202852176,1.8879464202852176,57.540808545234164,66.47760399533627,within,0.0012699589204704553,0.027791272983969675,3.475998649667157,-0.6349676417215732,2,4,True
MLT,Malta,"Middle East, North Africa, Afghanistan & Pakistan",High income,15.70612,46171.8893420758,3380.96255732967,81.67976101,30.724022,36.76,444220.0,27.1,6.6,79.76916134624244,1.9105996637575657,1.9105996637575657,75.30076362119138,84.2375590712935,within,0.0008827171059235527,0.01886167449513313,-2.4385565413736643,-0.014637570998481017,1,1,True
MMR,Myanmar,East Asia & Pacific,Lower middle income,,5313.88615901476,231.926060209617,67.42672255,5.8640134,,51089056.0,49.9,50.5,69.59976908246023,-2.1730465324602335,2.1730465324602335,65.13137135740917,74.06816680751129,within,0.004538094762320264,0.07496069509275011,1.3851807042125657,3.044348525154423,2,3,True
MNE,Montenegro,Europe & Central Asia,Upper middle income,,21131.8410316247,1460.07615605329,76.86028429,15.337396,23.72,624651.0,36.5,4.2,76.45450045400523,0.4057838359947681,0.4057838359947681,71.98610272895417,80.92289817905629,within,5.0835719766631655e-05,0.024081170203666846,-1.5122006794686669,1.3097896568226723,1,1,True
MNG,Mongolia,East Asia & Pacific,Upper middle income,,13974.5967260365,450.032129379922,69.246045,19.13949,32.43,3026864.0,30.6,19.4,72.41039510081738,-3.164350100817387,3.164350100817387,67.94199737576633,76.87879282586843,within,0.0023888749655304616,0.01860897538190074,0.23693463994840175,0.8451549300287934,1,2,True
MOZ,Mozambique,Sub-Saharan Africa,Low income,9.87895,1512.5997455554,87.1087646025602,55.85530982,7.0243604,,26547572.0,15.4,75.8,60.71381888260541,-4.858509062605407,4.858509062605407,56.245421157554354,65.18221660765647,below,0.01162807050896367,0.038423747455587264,3.7342040569988986,0.007992018493875642,2,4,True
MRT,Mauritania,Sub-Saharan Africa,Lower middle income,9.02561,5969.54239289516,146.123351879781,69.45426817,18.708511,1.75,3965959.0,12.7,49.1,65.82173299950074,3.632535170499267,3.632535170499267,61.353335274449684,70.2901307245518,within,0.004443561449063806,0.026266949042301126,1.7180906070567254,-0.6833732656648719,2,4,True
MUS,Mauritius,Sub-Saharan Africa,Upper middle income,15.05727,22499.0254570551,1085.44737859004,74.12593279,17.413495,19.73,1262879.0,20.5,14.5,74.86522197033278,-0.7392891803327899,0.7392891803327899,70.39682424528172,79.33361969538385,within,6.221121096077617e-05,0.008878468365041843,-0.48909217618787765,-0.28187037450538,1,2,True
MWI,Malawi,Sub-Saharan Africa,Low income,,1597.69145324855,90.9372436984603,61.82512095,5.2410927,,17085587.0,12.8,57.4,60.56536097610276,1.2597599738972391,1.2597599738972391,56.096963251051704,65.03375870115381,within,0.0008113086939224676,0.03987572716939961,3.2951250115639086,-0.2506429394186796,2,4,True
MYS,Malaysia,East Asia & Pacific,Upper middle income,13.66391,27699.6278860387,937.402287554636,74.27826363,17.732966,14.89,31232798.0,19.7,8.2,75.26715675827158,-0.9888931282715845,0.9888931282715845,70.79875903322053,79.73555448332263,within,0.00021245894961353294,0.016946281211346743,-0.7756638707643263,-0.3568079875239215,1,2,True
NER,Niger,Sub-Saharan Africa,Low income,5.91809,1480.39815168147,62.6787226799257,59.63358442,4.3623619,0.32,19939498.0,8.1,125.4,59.29569063099461,0.3378937890053848,0.3378937890053848,54.82729290594356,63.76408835604567,within,5.923688147988002e-05,0.04046968893963953,4.041106421498439,-0.6697177744190469,2,4,True
NGA,Nigeria,Sub-Saharan Africa,Lower middle income,,8892.05798673631,185.883651818011,61.73359862,9.7264245,,190671878.0,4.7,117.8,67.49982316341485,-5.766224543414843,5.766224543414843,63.03142543836379,71.96822088846591,below,0.0194949542765131,0.04573379253234696,2.673463330930679,-1.4422096837571656,2,4,False
NLD,Netherlands,Europe & Central Asia,High income,18.0801,63081.4083495966,5205.19864503666,81.28069061,13.97621,34.57,16939923.0,24.9,4.1,81.73853370590409,-0.4578430959040958,0.4578430959040958,77.27013598085304,86.20693143095514,within,8.574131618221469e-05,0.03190471751553072,-2.4755376789746704,-0.10660855688069634,1,1,True
NOR,Norway,Europe & Central Asia,High income,17.78389,87688.1196708993,6144.9073964344,81.99495023,17.551239,40.91,5188607.0,20.8,2.7,82.83966229672136,-0.8447120667213568,0.8447120667213568,78.37126457167031,87.3080600217724,within,0.0002871766203883057,0.03139278032107279,-2.9123120771848066,-0.5960273397751781,1,1,True
NPL,Nepal,South Asia,Lower middle income,12.65251,3745.26182249477,161.650878659451,69.77673885,4.4135548,,27823629.0,37.7,37.8,66.47551403782793,3.301224812172066,3.301224812172066,62.00711631277688,70.943911762879,within,0.005818791866206727,0.041646711920885704,1.6400434480048307,1.968825469651643,2,3,False
NZL,New Zealand,East Asia & Pacific,High income,18.86965,45097.016468387,3337.03693948086,81.31375727,30.650365,30.31,4609400.0,14.3,5.6,78.62251507098685,2.6912421990131463,2.6912421990131463,74.15411734593579,83.09091279603791,within,0.0025098404554843566,0.027029539352598074,-2.246302062982467,-1.2406118276100726,1,1,True
OMN,Oman,"Middle East, North Africa, Afghanistan & Pakistan",High income,14.26833,39813.7887054675,1470.53207169293,73.77326508,26.458925,21.3,4184895.0,8.1,11.1,76.41197557688766,-2.6387104968876542,2.6387104968876542,71.94357785183661,80.8803733019387,within,0.002967462095431771,0.033242967713941564,-0.9282718782662219,-1.6884741898996742,1,2,True
PAK,Pakistan,"Middle East, North Africa, Afghanistan & Pakistan",Lower middle income,7.58429,4645.28631071145,111.779544365698,65.69975806,15.381765,8.5,217290883.0,23.6,74.8,65.43961448090397,0.2601435790960238,0.2601435790960238,60.971216755852915,69.90801220595503,within,2.2477972302217934e-05,0.025907708778792393,2.221287661291911,0.4734272417206463,2,3,True
PAN,Panama,Latin America & Caribbean,High income,12.70657,29933.1671530011,1899.97147994564,78.14484121,29.526275,15.79,3960035.0,7.1,17.1,75.59319542634913,2.5516457836508692,2.5516457836508692,71.12479770129806,80.06159315140019,within,0.0028163459757378257,0.033739864170992874,-1.0350751693063631,-1.8396439225425794,1,2,False
PER,Peru,Latin America & Caribbean,Upper middle income,,14540.8313160635,578.203049484522,80.33747677,21.035638,12.5,30457600.0,17.6,16.6,71.82608588745136,8.511390882548639,8.511390882548639,67.35768816240031,76.2944836125024,above,0.00866772978095616,0.009332594345166687,-0.4355216851796213,-0.5081925063433593,1,2,True
PHL,Philippines,East Asia & Pacific,Upper middle income,,7691.76308685047,268.757499478344,69.51615532,6.6070609,6.09,105312992.0,24.6,27.9,68.9959792483838,0.5201760716161914,0.5201760716161914,64.52758152333274,73.46437697343487,within,6.1910773320228e-05,0.0178469326478667,1.2166656611828894,0.5304470760454347,2,3,True
PNG,Papua New Guinea,East Asia & Pacific,Lower middle income,,4155.05563962107,66.7453690597115,66.00102041,23.753305,,8743246.0,44.1,57.3,65.57222969113391,0.42879071886608244,0.42879071886608244,61.10383196608286,70.04062741618498,within,0.00023920510544054018,0.10147937613549876,1.7608793203948991,2.4420559059771527,2,3,True
POL,Poland,Europe & Central Asia,High income,,31700.3682364154,1717.35929009022,77.27808527,21.5607,23.11,37986412.0,27.2,4.9,77.37294860286822,-0.09486333286821491,0.09486333286821491,72.90455087781717,81.84134632791927,within,1.2384481237074642e-06,0.010734434216509334,-1.6821987284223165,0.25370776837628595,1,1,True
PRT,Portugal,Europe & Central Asia,High income,16.44728,35803.3575649772,2754.23640534913,80.89189476,18.95998,47.48,10358076.0,26.4,3.6,78.59344296316779,2.298451796832211,2.298451796832211,74.12504523811674,83.06184068821884,within,0.001155059279324206,0.017054208572915727,-2.1850625767349285,0.13723770508892838,1,1,True
PRY,Paraguay,Latin America & Caribbean,Upper middle income,,14425.777586033,848.439222472206,75.16683709,27.317891,,6159103.0,11.5,21.9,71.95649673888062,3.2103403511193846,3.2103403511193846,67.48809901382955,76.42489446393168,within,0.0027310229673940156,0.02066908705546135,-0.1722018160500436,-1.1962471073530043,1,2,True
PSE,West Bank and Gaza,"Middle East, North Africa, Afghanistan & Pakistan",Lower middle income,13.20928,6072.65031768549,505.932246673966,74.56005234,35.659257,,4270092.0,31.9,18.2,69.28128102777976,5.278771312220243,5.278771312220243,64.8128833027287,73.74967875283082,above,0.01796712167949289,0.05029339003612795,-0.22171993052524108,0.8761373628011356,1,2,False
QAT,Qatar,"Middle East, North Africa, Afghanistan & Pakistan",High income,11.99582,123070.887876565,3601.23643818727,77.79140376,37.929839,23.31,2344557.0,12.5,7.8,82.42635135108179,-4.634947591081797,4.634947591081797,77.95795362603073,86.89474907613285,below,0.018618242022270984,0.06760006489763426,-2.473887510720212,-1.6529120706166955,1,1,False
ROU,Romania,Europe & Central Asia,High income,14.63422,29181.8781722441,1066.21562150552,74.90936922,24.612576,27.58,19815616.0,32.8,9.2,76.64833522846526,-1.7389660084652547,1.7389660084652547,72.17993750341421,81.1167329535163,within,0.0008435157044775531,0.02175750458637439,-1.2250550949455863,0.8061870189228085,1,1,True
RUS,Russian Federation,Europe & Central Asia,High income,15.1291,35037.15234375,1285.21134694727,71.29790344,19.779965,39.25,144640716.0,31.0,8.2,77.6472481005695,-6.3493446605695,6.3493446605695,73.17885037551844,82.11564582562056,below,0.011058285972308126,0.021395779270998123,-1.0520978668490104,0.6609424576106309,1,1,True
RWA,Rwanda,Sub-Saharan Africa,Low income,11.09285,2313.09716940962,118.424316858654,66.96378175,3.1311858,1.1,11640022.0,18.5,47.3,62.742972268450416,4.22080948154958,4.22080948154958,58.27457454339936,67.21136999350148,within,0.006716160386960143,0.029405438286871574,2.5935837799127666,0.22948526936997318,2,4,True
SAU,Saudi Arabia,"Middle East, North Africa, Afghanistan & Pakistan",High income,,58498.5399040699,3036.18967984046,76.88889936,36.607644,24.44,29816382.0,14.5,9.0,79.45812406836237,-2.56922470836237,2.56922470836237,74.9897263433113,83.92652179341343,within,0.0028006493043056815,0.03309425790944012,-1.9860419165844065,-1.318200862098197,1,1,True
SEN,Senegal,Sub-Saharan Africa,Lower middle income,9.27044,3593.79477121279,131.086486936583,67.3624183,8.1595384,,14593331.0,8.1,52.2,63.617851176696746,3.7445671233032556,3.7445671233032556,59.14945345164569,68.08624890174781,within,0.004654171701168214,0.025890310461596778,2.455123200561591,-0.9164363035684995,2,4,True
SGP,Singapore,East Asia & Pacific,High income,,109894.041337341,3650.03509193405,82.84921063,10.065311,21.4,5535002.0,14.9,2.7,82.24057124593668,0.6086393840633235,0.6086393840633235,77.77217352088562,86.70896897098774,within,0.0002994927572695665,0.06306150312324543,-2.591644500377129,-1.0680679036937977,1,1,True
SLB,Solomon Islands,East Asia & Pacific,Lower middle income,,2665.06620679799,104.819583639622,65.15166823,19.040756,,639415.0,39.5,25.0,64.55944010247424,0.5922281275257575,0.5922281275257575,60.091042377423186,69.0278378275253,within,0.00021441482214353306,0.047684237335042956,1.6661284724925687,2.108353915988357,2,3,True
SLE,Sierra Leone,Sub-Saharan Africa,Low income,,2628.17058065746,315.226844600824,56.88673236,6.1630733,,7037655.0,18.8,136.8,65.69038627687789,-8.803653916877884,8.803653916877884,61.22198855182683,70.15878400192895,below,0.06745716124946932,0.06788912872236667,3.1939275010083388,0.10777943328973741,2,4,False
SLV,El Salvador,Latin America & Caribbean,Upper middle income,12.23846,9646.15432339854,694.855934432273,72.73292352,27.094942,,6183676.0,10.3,14.6,70.07836165376776,2.6545618662322426,2.6545618662322426,65.6099639287167,74.54675937881882,within,0.002721325597533424,0.03012263095806903,0.06736856769143044,-1.2029996143782133,1,2,True
SRB,Serbia,Europe & Central Asia,Upper middle income,14.55158,18247.8091057968,1312.5111832535,75.27946837,19.066407,30.43,7095383.0,40.1,6.3,76.01338509871442,-0.7339167287144193,0.7339167287144193,71.54498737366336,80.48178282376549,within,0.00020298845378335855,0.029395162028527978,-1.2889441625232079,1.639145465609771,1,1,True
STP,Sao Tome and Principe,Sub-Saharan Africa,Lower middle income,12.38349,5210.2037755431,206.126920521897,70.55687146,12.866674,3.15,200291.0,7.5,23.3,65.62654529504711,4.930326164952888,4.930326164952888,61.15814756999605,70.09494302009816,above,0.0069640611665147375,0.02234649281061494,1.4866414730173085,-1.1094662552313705,2,4,False
SVK,Slovak Republic,Europe & Central Asia,High income,14.67734,33507.7913603774,2033.76661924823,76.59625031,22.020927,34.54,5423801.0,30.3,6.2,78.13385355014705,-1.5376032401470496,1.5376032401470496,73.66545582509599,82.60225127519811,within,0.0004084129625837096,0.013474387837871365,-1.6870375201022225,0.5170032099485247,1,1,True
SVN,Slovenia,Europe & Central Asia,High income,17.29199,38534.6437425951,2689.42033520024,80.46318817,16.77693,28.3,2063531.0,21.9,2.6,78.48575784415465,1.9774303258453472,1.9774303258453472,74.01736011910359,82.95415556920571,within,0.0008747568793653555,0.017449503857750424,-2.1927021211717586,-0.26742872888995317,1,1,True
SWE,Sweden,Europe & Central Asia,High income,18.5686,58955.6412361461,5360.91054780113,81.74239456,15.461805,41.74,9799186.0,28.2,2.9,81.78308910017398,-0.04069454017398755,0.04069454017398755,77.31469137512292,86.25148682522504,within,6.838920706713608e-07,0.03221167986654765,-2.7306404159871405,0.21544916113194917,1,1,True
SWZ,Eswatini,Sub-Saharan Africa,Lower middle income,,9186.65344720515,615.778601788581,52.11336327,24.569643,,1142813.0,11.0,57.5,70.29615490447613,-18.182791634476125,18.182791634476125,65.82775717942508,74.76455262952717,below,0.10333214565276712,0.0243788053888961,2.044855910527246,-1.0537772336975837,2,4,True
SYC,Seychelles,Sub-Saharan Africa,High income,14.19938,27032.2083880002,940.509809515496,73.16237091,27.369672,,93419.0,20.3,14.6,75.13198522715902,-1.9696143171590137,1.9696143171590137,70.66358750210796,79.60038295221008,within,0.000868384984689896,0.0174601518901501,-0.6833571435436502,-0.42315242928203856,1,2,True
TCD,Chad,Sub-Saharan Africa,Low income,7.34935,2822.57929900014,80.8957594269927,57.84629101,4.9044546,0.48,14647621.0,8.4,128.7,62.19135061968486,-4.34505960968486,4.34505960968486,57.722952894633806,66.65974834473592,within,0.007865551930042918,0.032496442654448385,3.7812408693506785,-0.7618064007094315,2,4,False
TGO,Togo,Sub-Saharan Africa,Lower middle income,,2588.27260980499,117.430109041544,61.52164894,8.4336579,0.47,7071502.0,8.2,75.2,62.39636919152649,-0.8747202515264902,0.8747202515264902,57.927971466475434,66.86476691657754,within,0.00029615642823593093,0.03019123633449769,3.1428884959267758,-0.8395124038179146,2,4,True
THA,Thailand,East Asia & Pacific,Upper middle income,,18814.0408554566,608.321119856769,76.97043175,10.610157,4.53,70540795.0,20.8,11.9,73.20902877166266,3.761402978337344,3.761402978337344,68.74063104661161,77.67742649671371,within,0.0034777388421670034,0.019173232323815598,-0.31144436421842525,-0.09552247988698236,1,2,True
TKM,Turkmenistan,Europe & Central Asia,Upper middle income,,12926.6637306966,800.770845675657,68.83222809,18.314156,19.74,6215770.0,7.7,43.2,71.40999976214674,-2.5777716721467385,2.5777716721467385,66.94160203709569,75.87839748719779,within,0.0020570674999750146,0.024146697757782623,0.8600021147514295,-1.440457845458216,2,2,True
TLS,Timor-Leste,East Asia & Pacific,Lower middle income,,4467.80007184896,238.975313867873,67.83593705,1.6386464,6.9,1205131.0,47.9,60.2,68.85872780424309,-1.0227907542430899,1.0227907542430899,64.39033007919204,73.32712552929414,within,0.0010161393174577813,0.07576659424480847,1.6336680039811098,2.912413063492878,2,3,False
TON,Tonga,East Asia & Pacific,Upper middle income,,6195.43302733786,231.881912048992,72.46352791,65.729207,,106095.0,32.3,11.9,66.85379473893788,5.609733171062118,5.609733171062118,62.38539701388682,71.32219246398893,above,0.07109960682551715,0.1762304245019678,-0.7214084376652716,0.6756451498625213,1,2,False
TUN,Tunisia,"Middle East, North Africa, Afghanistan & Pakistan",Lower middle income,14.89108,12802.7917211433,669.961007011244,76.78627014999998,23.235148,12.72,11402264.0,27.3,18.2,72.42427954693113,4.361990603068847,4.361990603068847,67.95588182188007,76.8926772719822,within,0.0022173229887711894,0.009089868602404915,-0.3992772334813568,0.422386885835436,1,2,False
TUR,Turkiye,Europe & Central Asia,Upper middle income,17.32137,25984.8027306177,1040.8461041687,76.68525905,29.611146,17.65,78218479.0,31.5,13.3,75.9818300012169,0.703429048783093,0.703429048783093,71.51343227616584,80.45022772626797,within,0.00012791630650588564,0.02016431206577361,-1.2104450396447888,0.6206812590513024,1,2,True
TZA,Tanzania,Sub-Saharan Africa,Lower middle income,8.52868,3111.44458007813,82.0802315119814,65.15719683,7.8943603,,52020962.0,12.6,54.3,62.640712584050426,2.5164842459495773,2.5164842459495773,58.17231485899937,67.10911030910148,within,0.002224767152445321,0.027402755069232374,2.7641635415330086,-0.4013427472573689,2,4,True
UGA,Uganda,Sub-Saharan Africa,Low income,,2520.0201028843,116.622069083477,64.2155816,5.5833004,0.97,37531446.0,11.6,57.9,62.518526619984385,1.6970549800156078,1.6970549800156078,58.05012889493333,66.98692434503545,within,0.00104124247697216,0.02820058701560754,2.884072212088267,-0.47423637996285023,2,4,True
UKR,Ukraine,Europe & Central Asia,Upper middle income,,15403.7099609375,733.095386435762,72.14894514,22.71376,,45784896.0,29.3,9.5,73.45222848269081,-1.3032833426908184,1.3032833426908184,68.98383075763977,77.92062620774186,within,0.00021914674502831525,0.010063647871630402,-0.5317506319731654,0.6319633692735931,1,2,True
URY,Uruguay,Latin America & Caribbean,High income,16.34381,28941.6184540581,1844.45287445441,77.09925201,27.366474,,3368017.0,24.0,8.9,76.85765331554603,0.24159869445396964,0.24159869445396964,72.38925559049497,81.3260510405971,within,8.85739535122132e-06,0.011836272650282257,-1.4781569996459922,-0.13907415297179587,1,1,True
USA,United States,North America,High income,16.19199,64367.7188912582,9200.93133248374,78.61058161,38.210881,25.37,321815121.0,22.0,6.8,82.53595417540349,-3.9253725654034923,3.9253725654034923,78.06755645035244,87.00435190045454,within,0.011520866779227286,0.058320533214426866,-2.8239376164384,-0.7309221903417704,1,1,False
UZB,Uzbekistan,Europe & Central Asia,Lower middle income,11.75932,7792.23605983713,322.025456246766,69.42591804,23.264825,23.63,30749346.0,19.8,19.7,68.7895563162735,0.6363617237264947,0.6363617237264947,64.32115859122246,73.25795404132455,within,5.757392683613519e-05,0.011089599181401434,0.6914257880812156,-0.1286192943530874,2,2,True
VNM,Viet Nam,East Asia & Pacific,Upper middle income,,9248.02396069622,361.439607536507,73.03125783,1.1170169,7.95,92823254.0,24.2,21.6,70.15567298676217,2.8755848432378315,2.8755848432378315,65.68727526171111,74.62407071181323,within,0.002729597979304601,0.025748054117781298,0.8409914046667791,0.4920089004512574,2,3,True
VUT,Vanuatu,East Asia & Pacific,Lower middle income,,3825.81231400229,124.431724580644,66.79010699,19.380923,,266101.0,25.3,18.6,65.01036115394922,1.779745836050779,1.779745836050779,60.541963428898164,69.47875887900028,within,0.0008465229618553402,0.020845910495421692,1.4643985790381624,0.6629056821633532,2,3,True
WSM,Samoa,East Asia & Pacific,Upper middle income,,6433.1839621351,341.68405601797,70.01944065,58.061135,,201782.0,27.6,18.3,68.188350436055,1.8310902139450036,1.8310902139450036,63.71995271100395,72.65674816110607,within,0.005236380461856797,0.1218175350809399,-0.27520288126098835,0.2559465194064987,1,2,True
ZAF,South Africa,Sub-Saharan Africa,Upper middle income,,14541.6748613669,1078.90839908691,63.26267522,29.275212,7.63,56723537.0,23.2,38.2,73.56988475396217,-10.307209533962173,10.307209533962173,69.10148702891112,78.03828247901322,below,0.024462595756003333,0.017960500131012483,0.4604440319255529,-0.08139382111993644,2,2,True
ZMB,Zambia,Sub-Saharan Africa,Lower middle income,,3576.92544834125,147.84147758589,60.4135173,7.9117604,,16399089.0,15.9,60.2,64.60978892913445,-4.196271629134451,4.196271629134451,60.1413912040834,69.07818665418552,within,0.004080440167556019,0.018074984165366504,2.7715733385160077,-0.14511859599032004,2,4,False
ZWE,Zimbabwe,Sub-Saharan Africa,Lower middle income,,5102.73642537223,197.229218750743,57.4934476,11.120257,1.74,14399013.0,13.9,59.2,66.23793913570813,-8.744491535708129,8.744491535708129,61.76954141065708,70.7063368607592,below,0.014663379812594628,0.014957639345405706,2.6501690098927426,-0.4436254223363366,2,4,True
