country_iso3,class_id,ddd_2011,ddd_2021,absolute_change,percent_change,count,mean,median
AUS,antidepressants,88.9,127.9,39.0,43.86951631046119,27,53.48496686483732,43.86951631046119
AUT,antidepressants,57.2,63.5,6.299999999999997,11.01398601398601,27,53.48496686483732,43.86951631046119
BEL,antidepressants,70.0,86.2,16.200000000000003,23.142857142857146,27,53.48496686483732,43.86951631046119
CAN,antidepressants,82.7,130.1,47.39999999999999,57.315598548972176,27,53.48496686483732,43.86951631046119
CHL,antidepressants,25.2,90.7,65.5,259.92063492063494,27,53.48496686483732,43.86951631046119
CRI,antidepressants,24.4,41.5,17.1,70.08196721311477,27,53.48496686483732,43.86951631046119
CZE,antidepressants,44.1,69.4,25.300000000000004,57.369614512471664,27,53.48496686483732,43.86951631046119
DEU,antidepressants,50.0,64.0,14.0,28.0,27,53.48496686483732,43.86951631046119
DNK,antidepressants,85.2,84.6,-0.6000000000000085,-0.704225352112686,27,53.48496686483732,43.86951631046119
ESP,antidepressants,63.9,92.7,28.800000000000004,45.07042253521128,27,53.48496686483732,43.86951631046119
EST,antidepressants,17.9,40.7,22.800000000000004,127.37430167597769,27,53.48496686483732,43.86951631046119
FIN,antidepressants,70.2,85.2,15.0,21.367521367521366,27,53.48496686483732,43.86951631046119
FRA,antidepressants,51.7,57.6,5.899999999999999,11.41199226305609,27,53.48496686483732,43.86951631046119
GBR,antidepressants,70.7,138.2,67.49999999999999,95.47383309759545,27,53.48496686483732,43.86951631046119
HRV,antidepressants,24.6,37.1,12.5,50.8130081300813,27,53.48496686483732,43.86951631046119
HUN,antidepressants,27.3,29.8,2.5,9.157509157509157,27,53.48496686483732,43.86951631046119
ISL,antidepressants,103.8,161.1,57.3,55.202312138728324,27,53.48496686483732,43.86951631046119
ITA,antidepressants,38.3,44.6,6.300000000000004,16.449086161879908,27,53.48496686483732,43.86951631046119
KOR,antidepressants,13.8,31.1,17.3,125.3623188405797,27,53.48496686483732,43.86951631046119
LTU,antidepressants,20.8,37.4,16.599999999999998,79.80769230769229,27,53.48496686483732,43.86951631046119
NLD,antidepressants,41.6,48.5,6.899999999999999,16.58653846153846,27,53.48496686483732,43.86951631046119
NOR,antidepressants,57.7,61.1,3.3999999999999986,5.892547660311956,27,53.48496686483732,43.86951631046119
PRT,antidepressants,78.3,138.8,60.500000000000014,77.26692209450833,27,53.48496686483732,43.86951631046119
SVK,antidepressants,30.7,44.7,14.000000000000004,45.602605863192196,27,53.48496686483732,43.86951631046119
SVN,antidepressants,50.0,66.1,16.099999999999994,32.19999999999999,27,53.48496686483732,43.86951631046119
SWE,antidepressants,79.4,108.9,29.5,37.1536523929471,27,53.48496686483732,43.86951631046119
TUR,antidepressants,37.0,52.5,15.5,41.891891891891895,27,53.48496686483732,43.86951631046119
AUS,antidiabetics,59.6,63.3,3.6999999999999957,6.20805369127516,27,38.60374483637937,29.569093610698374
AUT,antidiabetics,46.3,49.2,2.9000000000000057,6.2634989200864055,27,38.60374483637937,29.569093610698374
BEL,antidiabetics,61.7,77.7,16.0,25.93192868719611,27,38.60374483637937,29.569093610698374
CAN,antidiabetics,57.0,124.5,67.5,118.42105263157895,27,38.60374483637937,29.569093610698374
CHL,antidiabetics,34.0,77.2,43.2,127.05882352941177,27,38.60374483637937,29.569093610698374
CRI,antidiabetics,48.0,82.3,34.3,71.45833333333333,27,38.60374483637937,29.569093610698374
CZE,antidiabetics,76.2,97.5,21.299999999999997,27.952755905511804,27,38.60374483637937,29.569093610698374
DEU,antidiabetics,82.6,93.6,11.0,13.31719128329298,27,38.60374483637937,29.569093610698374
DNK,antidiabetics,49.0,67.0,18.0,36.734693877551024,27,38.60374483637937,29.569093610698374
ESP,antidiabetics,56.0,84.7,28.700000000000003,51.25000000000001,27,38.60374483637937,29.569093610698374
EST,antidiabetics,47.5,67.5,20.0,42.10526315789474,27,38.60374483637937,29.569093610698374
FIN,antidiabetics,84.2,105.6,21.39999999999999,25.41567695961994,27,38.60374483637937,29.569093610698374
FRA,antidiabetics,74.5,87.4,12.900000000000006,17.315436241610744,27,38.60374483637937,29.569093610698374
GBR,antidiabetics,77.8,90.0,12.200000000000003,15.681233933161957,27,38.60374483637937,29.569093610698374
HRV,antidiabetics,58.7,75.5,16.799999999999997,28.62010221465076,27,38.60374483637937,29.569093610698374
HUN,antidiabetics,74.5,76.4,1.9000000000000057,2.550335570469806,27,38.60374483637937,29.569093610698374
ISL,antidiabetics,38.1,60.3,22.199999999999996,58.26771653543306,27,38.60374483637937,29.569093610698374
ITA,antidiabetics,61.6,65.7,4.100000000000001,6.655844155844157,27,38.60374483637937,29.569093610698374
KOR,antidiabetics,64.1,78.5,14.400000000000006,22.464898595943847,27,38.60374483637937,29.569093610698374
LTU,antidiabetics,32.4,58.8,26.4,81.48148148148148,27,38.60374483637937,29.569093610698374
NLD,antidiabetics,72.9,78.7,5.799999999999997,7.956104252400545,27,38.60374483637937,29.569093610698374
NOR,antidiabetics,48.4,65.9,17.500000000000007,36.157024793388445,27,38.60374483637937,29.569093610698374
PRT,antidiabetics,58.6,79.3,20.699999999999996,35.324232081911255,27,38.60374483637937,29.569093610698374
SVK,antidiabetics,61.3,79.5,18.200000000000003,29.690048939641116,27,38.60374483637937,29.569093610698374
SVN,antidiabetics,67.3,87.2,19.900000000000006,29.569093610698374,27,38.60374483637937,29.569093610698374
SWE,antidiabetics,53.0,73.2,20.200000000000003,38.113207547169814,27,38.60374483637937,29.569093610698374
TUR,antidiabetics,53.4,96.3,42.9,80.33707865168539,27,38.60374483637937,29.569093610698374
AUS,antihypertensives,239.2,229.4,-9.799999999999983,-4.096989966555177,27,15.14765257196486,7.053051211284881
AUT,antihypertensives,270.0,204.4,-65.6,-24.296296296296294,27,15.14765257196486,7.053051211284881
BEL,antihypertensives,330.8,305.7,-25.100000000000023,-7.587666263603392,27,15.14765257196486,7.053051211284881
CAN,antihypertensives,318.9,350.70000000000005,31.800000000000068,9.97177798682975,27,15.14765257196486,7.053051211284881
CHL,antihypertensives,166.7,440.1,273.40000000000003,164.00719856028797,27,15.14765257196486,7.053051211284881
CRI,antihypertensives,224.5,308.1,83.60000000000002,37.23830734966593,27,15.14765257196486,7.053051211284881
CZE,antihypertensives,443.3,424.8,-18.5,-4.1732461087299795,27,15.14765257196486,7.053051211284881
DEU,antihypertensives,555.3,662.3000000000001,107.00000000000011,19.268863677291577,27,15.14765257196486,7.053051211284881
DNK,antihypertensives,389.0,445.0,56.0,14.395886889460154,27,15.14765257196486,7.053051211284881
ESP,antihypertensives,272.20000000000005,306.9,34.69999999999993,12.747979426891964,27,15.14765257196486,7.053051211284881
EST,antihypertensives,290.4,338.2,47.80000000000001,16.46005509641874,27,15.14765257196486,7.053051211284881
FIN,antihypertensives,413.5,502.7,89.19999999999999,21.571946795646912,27,15.14765257196486,7.053051211284881
FRA,antihypertensives,326.1,349.1,23.0,7.053051211284881,27,15.14765257196486,7.053051211284881
GBR,antihypertensives,373.7,380.3,6.600000000000023,1.7661225582017723,27,15.14765257196486,7.053051211284881
HRV,antihypertensives,256.8,406.5,149.7,58.29439252336448,27,15.14765257196486,7.053051211284881
HUN,antihypertensives,539.5,562.3,22.799999999999955,4.226135310472651,27,15.14765257196486,7.053051211284881
ISL,antihypertensives,265.1,276.9,11.799999999999955,4.451150509241778,27,15.14765257196486,7.053051211284881
ITA,antihypertensives,374.2,375.6,1.400000000000034,0.3741314804917248,27,15.14765257196486,7.053051211284881
KOR,antihypertensives,145.20000000000002,133.6,-11.600000000000023,-7.988980716253458,27,15.14765257196486,7.053051211284881
LTU,antihypertensives,318.5,388.5,70.0,21.978021978021978,27,15.14765257196486,7.053051211284881
NLD,antihypertensives,298.2,299.8,1.6000000000000227,0.5365526492287133,27,15.14765257196486,7.053051211284881
NOR,antihypertensives,278.5,293.2,14.699999999999989,5.278276481149009,27,15.14765257196486,7.053051211284881
PRT,antihypertensives,244.2,264.1,19.900000000000034,8.149058149058163,27,15.14765257196486,7.053051211284881
SVK,antihypertensives,378.2000000000001,390.4,12.199999999999875,3.2258064516128693,27,15.14765257196486,7.053051211284881
SVN,antihypertensives,415.3,379.5,-35.80000000000001,-8.620274500361187,27,15.14765257196486,7.053051211284881
SWE,antihypertensives,357.7,401.5,43.80000000000001,12.244897959183676,27,15.14765257196486,7.053051211284881
TUR,antihypertensives,119.5,170.3,50.80000000000001,42.510460251046034,27,15.14765257196486,7.053051211284881
AUS,lipid_modifying,137.2,155.4,18.200000000000017,13.265306122448994,27,105.39431545416583,62.392241379310335
AUT,lipid_modifying,64.0,93.5,29.5,46.09375,27,105.39431545416583,62.392241379310335
BEL,lipid_modifying,121.5,159.4,37.900000000000006,31.193415637860085,27,105.39431545416583,62.392241379310335
CAN,lipid_modifying,92.8,150.7,57.89999999999999,62.392241379310335,27,105.39431545416583,62.392241379310335
CHL,lipid_modifying,27.5,157.2,129.7,471.63636363636357,27,105.39431545416583,62.392241379310335
CRI,lipid_modifying,34.6,60.2,25.6,73.98843930635837,27,105.39431545416583,62.392241379310335
CZE,lipid_modifying,92.0,169.1,77.1,83.80434782608695,27,105.39431545416583,62.392241379310335
DEU,lipid_modifying,67.7,125.1,57.39999999999999,84.7858197932053,27,105.39431545416583,62.392241379310335
DNK,lipid_modifying,114.7,195.2,80.49999999999999,70.18308631211855,27,105.39431545416583,62.392241379310335
ESP,lipid_modifying,89.5,135.7,46.19999999999999,51.620111731843565,27,105.39431545416583,62.392241379310335
EST,lipid_modifying,32.0,88.3,56.3,175.9375,27,105.39431545416583,62.392241379310335
FIN,lipid_modifying,95.4,167.3,71.9,75.36687631027254,27,105.39431545416583,62.392241379310335
FRA,lipid_modifying,97.9,100.9,3.0,3.0643513789581203,27,105.39431545416583,62.392241379310335
GBR,lipid_modifying,129.6,173.8,44.20000000000002,34.10493827160495,27,105.39431545416583,62.392241379310335
HRV,lipid_modifying,48.6,110.2,61.6,126.74897119341563,27,105.39431545416583,62.392241379310335
HUN,lipid_modifying,98.0,115.6,17.599999999999994,17.959183673469383,27,105.39431545416583,62.392241379310335
ISL,lipid_modifying,78.8,100.1,21.299999999999997,27.030456852791872,27,105.39431545416583,62.392241379310335
ITA,lipid_modifying,65.7,106.6,40.89999999999999,62.25266362252662,27,105.39431545416583,62.392241379310335
KOR,lipid_modifying,35.0,94.0,59.0,168.57142857142858,27,105.39431545416583,62.392241379310335
LTU,lipid_modifying,9.9,92.8,82.89999999999999,837.3737373737373,27,105.39431545416583,62.392241379310335
NLD,lipid_modifying,100.3,140.7,40.39999999999999,40.279162512462605,27,105.39431545416583,62.392241379310335
NOR,lipid_modifying,116.6,173.3,56.70000000000002,48.627787307032605,27,105.39431545416583,62.392241379310335
PRT,lipid_modifying,87.5,142.3,54.80000000000001,62.62857142857144,27,105.39431545416583,62.392241379310335
SVK,lipid_modifying,129.5,100.3,-29.200000000000003,-22.548262548262553,27,105.39431545416583,62.392241379310335
SVN,lipid_modifying,93.0,165.3,72.30000000000001,77.74193548387098,27,105.39431545416583,62.392241379310335
SWE,lipid_modifying,77.2,155.9,78.7,101.94300518134715,27,105.39431545416583,62.392241379310335
TUR,lipid_modifying,30.1,36.0,5.899999999999999,19.60132890365448,27,105.39431545416583,62.392241379310335
