country_iso3,specification,residual,position,predictive_r_squared,rmse_years,stable_all_specs
AFG,main,-5.321835491279572,below,0.7159528927808063,4.02105072722721,False
ALB,main,4.943699723032864,above,0.7159528927808063,4.02105072722721,False
ARE,main,1.1131215391304892,within,0.7159528927808063,4.02105072722721,True
ARG,main,-0.6896319293957873,within,0.7159528927808063,4.02105072722721,True
ARM,main,0.8316801869274713,within,0.7159528927808063,4.02105072722721,True
AUS,main,2.1224206342468364,within,0.7159528927808063,4.02105072722721,True
AUT,main,-1.1580268293377003,within,0.7159528927808063,4.02105072722721,True
AZE,main,-0.07192954338343327,within,0.7159528927808063,4.02105072722721,True
BDI,main,4.955155747260065,above,0.7159528927808063,4.02105072722721,False
BEL,main,-0.6573637167943787,within,0.7159528927808063,4.02105072722721,True
BEN,main,0.5626581797149655,within,0.7159528927808063,4.02105072722721,True
BFA,main,-0.8713528906614556,within,0.7159528927808063,4.02105072722721,True
BGD,main,6.687841653105465,above,0.7159528927808063,4.02105072722721,True
BGR,main,-2.67414582082192,within,0.7159528927808063,4.02105072722721,True
BHR,main,-3.173846841327048,within,0.7159528927808063,4.02105072722721,True
BHS,main,-3.4682602756593326,within,0.7159528927808063,4.02105072722721,True
BIH,main,2.238372964893344,within,0.7159528927808063,4.02105072722721,True
BLR,main,-2.606189534296277,within,0.7159528927808063,4.02105072722721,False
BLZ,main,4.43375686899212,within,0.7159528927808063,4.02105072722721,True
BOL,main,1.511029697309823,within,0.7159528927808063,4.02105072722721,True
BRA,main,0.6857185026400145,within,0.7159528927808063,4.02105072722721,True
BRN,main,-3.164500973145806,within,0.7159528927808063,4.02105072722721,True
BTN,main,2.221671797069476,within,0.7159528927808063,4.02105072722721,True
BWA,main,-11.434384580632198,below,0.7159528927808063,4.02105072722721,True
CAN,main,1.4071231564869748,within,0.7159528927808063,4.02105072722721,True
CHE,main,-0.6053815669257716,within,0.7159528927808063,4.02105072722721,True
CHL,main,2.794568052900047,within,0.7159528927808063,4.02105072722721,True
CHN,main,3.673453064406658,within,0.7159528927808063,4.02105072722721,True
CIV,main,-4.468397725051055,within,0.7159528927808063,4.02105072722721,False
CMR,main,-5.942014887351945,below,0.7159528927808063,4.02105072722721,False
COD,main,1.4576818357755954,within,0.7159528927808063,4.02105072722721,True
COG,main,-5.387832691500485,below,0.7159528927808063,4.02105072722721,True
COL,main,4.607436885256519,above,0.7159528927808063,4.02105072722721,False
COM,main,3.3422209208399067,within,0.7159528927808063,4.02105072722721,True
CPV,main,6.7415302318828765,above,0.7159528927808063,4.02105072722721,False
CRI,main,6.579605840362348,above,0.7159528927808063,4.02105072722721,True
CYP,main,2.9272480799720597,within,0.7159528927808063,4.02105072722721,True
CZE,main,-0.8184295781884288,within,0.7159528927808063,4.02105072722721,True
DEU,main,-1.1917136875780159,within,0.7159528927808063,4.02105072722721,True
DNK,main,-0.8395521642593877,within,0.7159528927808063,4.02105072722721,True
DZA,main,2.96993662108909,within,0.7159528927808063,4.02105072722721,False
ECU,main,5.323411650104234,above,0.7159528927808063,4.02105072722721,False
EGY,main,-1.8031573198515218,within,0.7159528927808063,4.02105072722721,True
ESP,main,2.5276295999500036,within,0.7159528927808063,4.02105072722721,True
EST,main,-0.8863120303893766,within,0.7159528927808063,4.02105072722721,True
ETH,main,7.301749875362226,above,0.7159528927808063,4.02105072722721,False
FIN,main,0.4769504319720568,within,0.7159528927808063,4.02105072722721,True
FJI,main,-3.444101208366021,within,0.7159528927808063,4.02105072722721,True
FRA,main,0.43741020567189537,within,0.7159528927808063,4.02105072722721,True
GAB,main,-8.369497885307823,below,0.7159528927808063,4.02105072722721,False
GBR,main,0.7064099787950369,within,0.7159528927808063,4.02105072722721,True
GEO,main,-1.4167200399432431,within,0.7159528927808063,4.02105072722721,True
GHA,main,-1.7413534535339465,within,0.7159528927808063,4.02105072722721,True
GMB,main,2.3088655040276578,within,0.7159528927808063,4.02105072722721,True
GNB,main,-5.003859304054707,below,0.7159528927808063,4.02105072722721,False
GRC,main,1.9801222585088851,within,0.7159528927808063,4.02105072722721,True
GTM,main,1.7768692558416461,within,0.7159528927808063,4.02105072722721,True
GUY,main,-3.78218345855133,within,0.7159528927808063,4.02105072722721,True
HND,main,2.101184764267046,within,0.7159528927808063,4.02105072722721,True
HRV,main,0.12130392450620775,within,0.7159528927808063,4.02105072722721,True
HTI,main,-1.3956525173482675,within,0.7159528927808063,4.02105072722721,True
HUN,main,-2.357395611015278,within,0.7159528927808063,4.02105072722721,True
IDN,main,-0.43675924984518133,within,0.7159528927808063,4.02105072722721,True
IND,main,1.1204760810737326,within,0.7159528927808063,4.02105072722721,True
IRL,main,-1.175040369337495,within,0.7159528927808063,4.02105072722721,True
IRN,main,4.356148534472965,within,0.7159528927808063,4.02105072722721,False
IRQ,main,0.43748533663905675,within,0.7159528927808063,4.02105072722721,True
ISL,main,1.9026160474277987,within,0.7159528927808063,4.02105072722721,True
ISR,main,3.1739243739054075,within,0.7159528927808063,4.02105072722721,True
ITA,main,2.4842386729205543,within,0.7159528927808063,4.02105072722721,True
JAM,main,2.121325712620603,within,0.7159528927808063,4.02105072722721,True
JOR,main,6.697096166834697,above,0.7159528927808063,4.02105072722721,True
JPN,main,4.100788602752772,within,0.7159528927808063,4.02105072722721,True
KAZ,main,-3.6879333995986343,within,0.7159528927808063,4.02105072722721,True
KEN,main,-1.2437687379622133,within,0.7159528927808063,4.02105072722721,True
KGZ,main,3.5305243160624826,within,0.7159528927808063,4.02105072722721,True
KHM,main,1.7579321925829845,within,0.7159528927808063,4.02105072722721,True
KIR,main,-4.549372650222239,below,0.7159528927808063,4.02105072722721,False
KOR,main,3.269934249082908,within,0.7159528927808063,4.02105072722721,True
KWT,main,2.748794464887837,within,0.7159528927808063,4.02105072722721,True
LAO,main,-1.2804520898984748,within,0.7159528927808063,4.02105072722721,True
LBN,main,3.3466732265602985,within,0.7159528927808063,4.02105072722721,False
LBR,main,-1.3170574013027192,within,0.7159528927808063,4.02105072722721,True
LBY,main,-0.3508597372427005,within,0.7159528927808063,4.02105072722721,True
LCA,main,3.2900288969355955,within,0.7159528927808063,4.02105072722721,True
LKA,main,4.86088069923602,above,0.7159528927808063,4.02105072722721,False
LSO,main,-17.81499056675154,below,0.7159528927808063,4.02105072722721,True
LTU,main,-4.2448582792058716,within,0.7159528927808063,4.02105072722721,False
LUX,main,-2.075472460806097,within,0.7159528927808063,4.02105072722721,True
LVA,main,-2.972050163521871,within,0.7159528927808063,4.02105072722721,True
MAR,main,4.249207619641069,within,0.7159528927808063,4.02105072722721,True
MDA,main,-0.8116189539740901,within,0.7159528927808063,4.02105072722721,True
MDG,main,1.5572963894765621,within,0.7159528927808063,4.02105072722721,True
MDV,main,1.5604523435132336,within,0.7159528927808063,4.02105072722721,True
MEX,main,1.7406988518155657,within,0.7159528927808063,4.02105072722721,True
MKD,main,-0.1132432312274716,within,0.7159528927808063,4.02105072722721,True
MLI,main,-1.8879464202852176,within,0.7159528927808063,4.02105072722721,True
MLT,main,1.9105996637575657,within,0.7159528927808063,4.02105072722721,True
MMR,main,-2.1730465324602335,within,0.7159528927808063,4.02105072722721,True
MNE,main,0.4057838359947681,within,0.7159528927808063,4.02105072722721,True
MNG,main,-3.164350100817387,within,0.7159528927808063,4.02105072722721,True
MOZ,main,-4.858509062605407,below,0.7159528927808063,4.02105072722721,True
MRT,main,3.632535170499267,within,0.7159528927808063,4.02105072722721,True
MUS,main,-0.7392891803327899,within,0.7159528927808063,4.02105072722721,True
MWI,main,1.2597599738972391,within,0.7159528927808063,4.02105072722721,True
MYS,main,-0.9888931282715845,within,0.7159528927808063,4.02105072722721,True
NER,main,0.3378937890053848,within,0.7159528927808063,4.02105072722721,True
NGA,main,-5.766224543414843,below,0.7159528927808063,4.02105072722721,False
NLD,main,-0.4578430959040958,within,0.7159528927808063,4.02105072722721,True
NOR,main,-0.8447120667213568,within,0.7159528927808063,4.02105072722721,True
NPL,main,3.301224812172066,within,0.7159528927808063,4.02105072722721,False
NZL,main,2.6912421990131463,within,0.7159528927808063,4.02105072722721,True
OMN,main,-2.6387104968876542,within,0.7159528927808063,4.02105072722721,True
PAK,main,0.2601435790960238,within,0.7159528927808063,4.02105072722721,True
PAN,main,2.5516457836508692,within,0.7159528927808063,4.02105072722721,False
PER,main,8.511390882548639,above,0.7159528927808063,4.02105072722721,True
PHL,main,0.5201760716161914,within,0.7159528927808063,4.02105072722721,True
PNG,main,0.42879071886608244,within,0.7159528927808063,4.02105072722721,True
POL,main,-0.09486333286821491,within,0.7159528927808063,4.02105072722721,True
PRT,main,2.298451796832211,within,0.7159528927808063,4.02105072722721,True
PRY,main,3.2103403511193846,within,0.7159528927808063,4.02105072722721,True
PSE,main,5.278771312220243,above,0.7159528927808063,4.02105072722721,False
QAT,main,-4.634947591081797,below,0.7159528927808063,4.02105072722721,False
ROU,main,-1.7389660084652547,within,0.7159528927808063,4.02105072722721,True
RUS,main,-6.3493446605695,below,0.7159528927808063,4.02105072722721,True
RWA,main,4.22080948154958,within,0.7159528927808063,4.02105072722721,True
SAU,main,-2.56922470836237,within,0.7159528927808063,4.02105072722721,True
SEN,main,3.7445671233032556,within,0.7159528927808063,4.02105072722721,True
SGP,main,0.6086393840633235,within,0.7159528927808063,4.02105072722721,True
SLB,main,0.5922281275257575,within,0.7159528927808063,4.02105072722721,True
SLE,main,-8.803653916877884,below,0.7159528927808063,4.02105072722721,False
SLV,main,2.6545618662322426,within,0.7159528927808063,4.02105072722721,True
SRB,main,-0.7339167287144193,within,0.7159528927808063,4.02105072722721,True
STP,main,4.930326164952888,above,0.7159528927808063,4.02105072722721,False
SVK,main,-1.5376032401470496,within,0.7159528927808063,4.02105072722721,True
SVN,main,1.9774303258453472,within,0.7159528927808063,4.02105072722721,True
SWE,main,-0.04069454017398755,within,0.7159528927808063,4.02105072722721,True
SWZ,main,-18.182791634476125,below,0.7159528927808063,4.02105072722721,True
SYC,main,-1.9696143171590137,within,0.7159528927808063,4.02105072722721,True
TCD,main,-4.34505960968486,within,0.7159528927808063,4.02105072722721,False
TGO,main,-0.8747202515264902,within,0.7159528927808063,4.02105072722721,True
THA,main,3.761402978337344,within,0.7159528927808063,4.02105072722721,True
TKM,main,-2.5777716721467385,within,0.7159528927808063,4.02105072722721,True
TLS,main,-1.0227907542430899,within,0.7159528927808063,4.02105072722721,False
TON,main,5.609733171062118,above,0.7159528927808063,4.02105072722721,False
TUN,main,4.361990603068847,within,0.7159528927808063,4.02105072722721,False
TUR,main,0.703429048783093,within,0.7159528927808063,4.02105072722721,True
TZA,main,2.5164842459495773,within,0.7159528927808063,4.02105072722721,True
UGA,main,1.6970549800156078,within,0.7159528927808063,4.02105072722721,True
UKR,main,-1.3032833426908184,within,0.7159528927808063,4.02105072722721,True
URY,main,0.24159869445396964,within,0.7159528927808063,4.02105072722721,True
USA,main,-3.9253725654034923,within,0.7159528927808063,4.02105072722721,False
UZB,main,0.6363617237264947,within,0.7159528927808063,4.02105072722721,True
VNM,main,2.8755848432378315,within,0.7159528927808063,4.02105072722721,True
VUT,main,1.779745836050779,within,0.7159528927808063,4.02105072722721,True
WSM,main,1.8310902139450036,within,0.7159528927808063,4.02105072722721,True
ZAF,main,-10.307209533962173,below,0.7159528927808063,4.02105072722721,True
ZMB,main,-4.196271629134451,within,0.7159528927808063,4.02105072722721,False
ZWE,main,-8.744491535708129,below,0.7159528927808063,4.02105072722721,True
AFG,with_under5,-2.1084562063340684,within,0.810499248432416,3.284353047851084,False
ALB,with_under5,2.7499975210504743,within,0.810499248432416,3.284353047851084,False
ARE,with_under5,1.891462759222975,within,0.810499248432416,3.284353047851084,True
ARG,with_under5,1.8586589652420429,within,0.810499248432416,3.284353047851084,True
ARM,with_under5,1.8501455693156146,within,0.810499248432416,3.284353047851084,True
AUS,with_under5,0.8674919643667209,within,0.810499248432416,3.284353047851084,True
AUT,with_under5,-0.3596329091852084,within,0.810499248432416,3.284353047851084,True
AZE,with_under5,3.5021770642652967,within,0.810499248432416,3.284353047851084,True
BDI,with_under5,0.8116345833844605,within,0.810499248432416,3.284353047851084,False
BEL,with_under5,-0.1759450195647645,within,0.810499248432416,3.284353047851084,True
BEN,with_under5,0.8682975642005104,within,0.810499248432416,3.284353047851084,True
BFA,with_under5,0.2800476255611031,within,0.810499248432416,3.284353047851084,True
BGD,with_under5,6.982666739750343,above,0.810499248432416,3.284353047851084,True
BGR,with_under5,-1.630188781732656,within,0.810499248432416,3.284353047851084,True
BHR,with_under5,-2.5157518555502207,within,0.810499248432416,3.284353047851084,True
BHS,with_under5,-1.6292796456582437,within,0.810499248432416,3.284353047851084,True
BIH,with_under5,0.5830429211446244,within,0.810499248432416,3.284353047851084,True
BLR,with_under5,-6.714246774412032,below,0.810499248432416,3.284353047851084,False
BLZ,with_under5,1.2809829578401093,within,0.810499248432416,3.284353047851084,True
BOL,with_under5,2.212148246228452,within,0.810499248432416,3.284353047851084,True
BRA,with_under5,1.9966626529856057,within,0.810499248432416,3.284353047851084,True
BRN,with_under5,-0.8647246509766688,within,0.810499248432416,3.284353047851084,True
BTN,with_under5,3.8169069559482125,within,0.810499248432416,3.284353047851084,True
BWA,with_under5,-5.107339224280523,below,0.810499248432416,3.284353047851084,True
CAN,with_under5,1.9256234489011632,within,0.810499248432416,3.284353047851084,True
CHE,with_under5,1.813859068008071,within,0.810499248432416,3.284353047851084,True
CHL,with_under5,3.518024128755485,within,0.810499248432416,3.284353047851084,True
CHN,with_under5,1.9851294514978974,within,0.810499248432416,3.284353047851084,True
CIV,with_under5,-2.063460505628001,within,0.810499248432416,3.284353047851084,False
CMR,with_under5,-3.823430529043243,within,0.810499248432416,3.284353047851084,False
COD,with_under5,-1.1927193045141848,within,0.810499248432416,3.284353047851084,True
COG,with_under5,-4.8168822499455715,below,0.810499248432416,3.284353047851084,True
COL,with_under5,4.39237607723453,within,0.810499248432416,3.284353047851084,False
COM,with_under5,2.3330031215702434,within,0.810499248432416,3.284353047851084,True
CPV,with_under5,3.832544635061211,within,0.810499248432416,3.284353047851084,False
CRI,with_under5,4.494954032742356,above,0.810499248432416,3.284353047851084,True
CYP,with_under5,-1.328938706039665,within,0.810499248432416,3.284353047851084,True
CZE,with_under5,-3.598216218450318,within,0.810499248432416,3.284353047851084,True
DEU,with_under5,-0.7775996856147032,within,0.810499248432416,3.284353047851084,True
DNK,with_under5,-0.45828334648389557,within,0.810499248432416,3.284353047851084,True
DZA,with_under5,6.0139515299407975,above,0.810499248432416,3.284353047851084,False
ECU,with_under5,4.366305915347482,within,0.810499248432416,3.284353047851084,False
EGY,with_under5,0.06517950122487548,within,0.810499248432416,3.284353047851084,True
ESP,with_under5,0.6448644811862749,within,0.810499248432416,3.284353047851084,True
EST,with_under5,-4.315962483320519,within,0.810499248432416,3.284353047851084,True
ETH,with_under5,3.968556903126654,within,0.810499248432416,3.284353047851084,False
FIN,with_under5,-2.342446001507099,within,0.810499248432416,3.284353047851084,True
FJI,with_under5,-3.3148476922151247,within,0.810499248432416,3.284353047851084,True
FRA,with_under5,1.6387639984582876,within,0.810499248432416,3.284353047851084,True
GAB,with_under5,-4.457362463637907,within,0.810499248432416,3.284353047851084,False
GBR,with_under5,0.18268257157475887,within,0.810499248432416,3.284353047851084,True
GEO,with_under5,-1.548722126735882,within,0.810499248432416,3.284353047851084,True
GHA,with_under5,-1.2633988419750466,within,0.810499248432416,3.284353047851084,True
GMB,with_under5,-0.3070273171293323,within,0.810499248432416,3.284353047851084,True
GNB,with_under5,-3.7450530674702946,within,0.810499248432416,3.284353047851084,False
GRC,with_under5,0.5520706732573046,within,0.810499248432416,3.284353047851084,True
GTM,with_under5,2.6452435466921855,within,0.810499248432416,3.284353047851084,True
GUY,with_under5,-1.80613521664705,within,0.810499248432416,3.284353047851084,True
HND,with_under5,-0.854477583073276,within,0.810499248432416,3.284353047851084,True
HRV,with_under5,-1.7446901918063844,within,0.810499248432416,3.284353047851084,True
HTI,with_under5,-0.890012707213458,within,0.810499248432416,3.284353047851084,True
HUN,with_under5,-3.669341641748929,within,0.810499248432416,3.284353047851084,True
IDN,with_under5,0.9914488181753569,within,0.810499248432416,3.284353047851084,True
IND,with_under5,3.3519558961396427,within,0.810499248432416,3.284353047851084,True
IRL,with_under5,-0.9899087498270092,within,0.810499248432416,3.284353047851084,True
IRN,with_under5,4.719782594504295,above,0.810499248432416,3.284353047851084,False
IRQ,with_under5,1.2401072530997794,within,0.810499248432416,3.284353047851084,True
ISL,with_under5,-1.774525068477061,within,0.810499248432416,3.284353047851084,True
ISR,with_under5,0.9150716019447742,within,0.810499248432416,3.284353047851084,True
ITA,with_under5,0.5720012470684139,within,0.810499248432416,3.284353047851084,True
JAM,with_under5,0.86773624431288,within,0.810499248432416,3.284353047851084,True
JOR,with_under5,7.022249114760939,above,0.810499248432416,3.284353047851084,True
JPN,with_under5,1.589360980272815,within,0.810499248432416,3.284353047851084,True
KAZ,with_under5,-3.437731057165621,within,0.810499248432416,3.284353047851084,True
KEN,with_under5,-1.5538043213979762,within,0.810499248432416,3.284353047851084,True
KGZ,with_under5,2.042037065951064,within,0.810499248432416,3.284353047851084,True
KHM,with_under5,0.7192818194721156,within,0.810499248432416,3.284353047851084,True
KIR,with_under5,-1.7495976016736776,within,0.810499248432416,3.284353047851084,False
KOR,with_under5,0.8368829850176951,within,0.810499248432416,3.284353047851084,True
KWT,with_under5,4.112196343320306,within,0.810499248432416,3.284353047851084,True
LAO,with_under5,0.6060780326253905,within,0.810499248432416,3.284353047851084,True
LBN,with_under5,5.669479191369604,above,0.810499248432416,3.284353047851084,False
LBR,with_under5,-0.2560748362553795,within,0.810499248432416,3.284353047851084,True
LBY,with_under5,-0.3519078079803819,within,0.810499248432416,3.284353047851084,True
LCA,with_under5,3.903194493752437,within,0.810499248432416,3.284353047851084,True
LKA,with_under5,0.7202037749027994,within,0.810499248432416,3.284353047851084,False
LSO,with_under5,-14.084656626412517,below,0.810499248432416,3.284353047851084,True
LTU,with_under5,-5.106134570990164,below,0.810499248432416,3.284353047851084,False
LUX,with_under5,-2.542255730101502,within,0.810499248432416,3.284353047851084,True
LVA,with_under5,-4.430237739001171,within,0.810499248432416,3.284353047851084,True
MAR,with_under5,3.212589577235107,within,0.810499248432416,3.284353047851084,True
MDA,with_under5,-1.1649364802670163,within,0.810499248432416,3.284353047851084,True
MDG,with_under5,1.158161093474952,within,0.810499248432416,3.284353047851084,True
MDV,with_under5,2.4980615623456686,within,0.810499248432416,3.284353047851084,True
MEX,with_under5,3.0242988560562196,within,0.810499248432416,3.284353047851084,True
MKD,with_under5,0.9570906117842668,within,0.810499248432416,3.284353047851084,True
MLI,with_under5,-0.7632309403584117,within,0.810499248432416,3.284353047851084,True
MLT,with_under5,3.4738337229265,within,0.810499248432416,3.284353047851084,True
MMR,with_under5,3.177805575379921,within,0.810499248432416,3.284353047851084,True
MNE,with_under5,-2.719760767351758,within,0.810499248432416,3.284353047851084,True
MNG,with_under5,-2.284623357491242,within,0.810499248432416,3.284353047851084,True
MOZ,with_under5,-6.073479038342711,below,0.810499248432416,3.284353047851084,True
MRT,with_under5,3.3728784807430685,within,0.810499248432416,3.284353047851084,True
MUS,with_under5,0.571641464354812,within,0.810499248432416,3.284353047851084,True
MWI,with_under5,-1.5248492514841132,within,0.810499248432416,3.284353047851084,True
MYS,with_under5,-2.8225805770348416,within,0.810499248432416,3.284353047851084,True
NER,with_under5,0.34455240476280835,within,0.810499248432416,3.284353047851084,True
NGA,with_under5,-0.45552205026425696,within,0.810499248432416,3.284353047851084,False
NLD,with_under5,0.29902274286961017,within,0.810499248432416,3.284353047851084,True
NOR,with_under5,-1.8651454406661117,within,0.810499248432416,3.284353047851084,True
NPL,with_under5,3.9343164746767485,within,0.810499248432416,3.284353047851084,False
NZL,with_under5,1.9450861175780005,within,0.810499248432416,3.284353047851084,True
OMN,with_under5,-2.4478925934845535,within,0.810499248432416,3.284353047851084,True
PAK,with_under5,2.398574411135158,within,0.810499248432416,3.284353047851084,True
PAN,with_under5,5.0772413194015655,above,0.810499248432416,3.284353047851084,False
PER,with_under5,7.850698357871877,above,0.810499248432416,3.284353047851084,True
PHL,with_under5,0.6585492292734045,within,0.810499248432416,3.284353047851084,True
PNG,with_under5,1.6851327904692823,within,0.810499248432416,3.284353047851084,True
POL,with_under5,-2.2866201156900985,within,0.810499248432416,3.284353047851084,True
PRT,with_under5,-0.21512301331802064,within,0.810499248432416,3.284353047851084,True
PRY,with_under5,4.193116601256079,within,0.810499248432416,3.284353047851084,True
PSE,with_under5,4.290936399395022,within,0.810499248432416,3.284353047851084,False
QAT,with_under5,-1.7465115385733299,within,0.810499248432416,3.284353047851084,False
ROU,with_under5,-1.321007624094051,within,0.810499248432416,3.284353047851084,True
RUS,with_under5,-5.841330733505117,below,0.810499248432416,3.284353047851084,True
RWA,with_under5,2.421058579715634,within,0.810499248432416,3.284353047851084,True
SAU,with_under5,-0.5695510967606623,within,0.810499248432416,3.284353047851084,True
SEN,with_under5,2.3602162922053225,within,0.810499248432416,3.284353047851084,True
SGP,with_under5,-1.812293465521762,within,0.810499248432416,3.284353047851084,True
SLB,with_under5,-3.004616222053258,within,0.810499248432416,3.284353047851084,True
SLE,with_under5,-2.016838874359486,within,0.810499248432416,3.284353047851084,False
SLV,with_under5,0.04879679344038834,within,0.810499248432416,3.284353047851084,True
SRB,with_under5,-1.870794482258546,within,0.810499248432416,3.284353047851084,True
STP,with_under5,0.8077931381485683,within,0.810499248432416,3.284353047851084,False
SVK,with_under5,-1.6318006344136364,within,0.810499248432416,3.284353047851084,True
SVN,with_under5,-2.7052198705265624,within,0.810499248432416,3.284353047851084,True
SWE,with_under5,-0.927708007931102,within,0.810499248432416,3.284353047851084,True
SWZ,with_under5,-13.91329610808716,below,0.810499248432416,3.284353047851084,True
SYC,with_under5,-0.8604414118246666,within,0.810499248432416,3.284353047851084,True
TCD,with_under5,-2.3392633080165055,within,0.810499248432416,3.284353047851084,False
TGO,with_under5,-1.153950143079335,within,0.810499248432416,3.284353047851084,True
THA,with_under5,2.4572302364885417,within,0.810499248432416,3.284353047851084,True
TKM,with_under5,1.5940665556276485,within,0.810499248432416,3.284353047851084,True
TLS,with_under5,5.054521667169766,above,0.810499248432416,3.284353047851084,False
TON,with_under5,-1.2988899087651191,within,0.810499248432416,3.284353047851084,False
TUN,with_under5,5.266342577624158,above,0.810499248432416,3.284353047851084,False
TUR,with_under5,2.6111359568049153,within,0.810499248432416,3.284353047851084,True
TZA,with_under5,0.3995290521945378,within,0.810499248432416,3.284353047851084,True
UGA,with_under5,0.34200500200134343,within,0.810499248432416,3.284353047851084,True
UKR,with_under5,-3.1315845510465152,within,0.810499248432416,3.284353047851084,True
URY,with_under5,0.8186969262304302,within,0.810499248432416,3.284353047851084,True
USA,with_under5,0.32735873071098354,within,0.810499248432416,3.284353047851084,False
UZB,with_under5,-1.5053892954316694,within,0.810499248432416,3.284353047851084,True
VNM,with_under5,2.770652865657155,within,0.810499248432416,3.284353047851084,True
VUT,with_under5,-3.809687706311948,within,0.810499248432416,3.284353047851084,True
WSM,with_under5,-1.2219930962033345,within,0.810499248432416,3.284353047851084,True
ZAF,with_under5,-4.736412605170322,below,0.810499248432416,3.284353047851084,True
ZMB,with_under5,-3.7047769260294316,within,0.810499248432416,3.284353047851084,False
ZWE,with_under5,-7.283055998281178,below,0.810499248432416,3.284353047851084,True
AFG,without_tobacco,-4.938801268784175,below,0.7078152641606937,4.078243273881282,False
ALB,without_tobacco,5.166284823606375,above,0.7078152641606937,4.078243273881282,False
ARE,without_tobacco,0.09529712087679343,within,0.7078152641606937,4.078243273881282,True
ARG,without_tobacco,-0.537716286387635,within,0.7078152641606937,4.078243273881282,True
ARM,without_tobacco,1.2362774309949458,within,0.7078152641606937,4.078243273881282,True
AUS,without_tobacco,1.2597539035510152,within,0.7078152641606937,4.078243273881282,True
AUT,without_tobacco,-0.6848461069590144,within,0.7078152641606937,4.078243273881282,True
AZE,without_tobacco,-0.007631199227759566,within,0.7078152641606937,4.078243273881282,True
BDI,without_tobacco,4.562760689587236,above,0.7078152641606937,4.078243273881282,False
BEL,without_tobacco,-0.6484334830044389,within,0.7078152641606937,4.078243273881282,True
BEN,without_tobacco,-0.14119113111103587,within,0.7078152641606937,4.078243273881282,True
BFA,without_tobacco,-1.0732190400079276,within,0.7078152641606937,4.078243273881282,True
BGD,without_tobacco,8.255682844445602,above,0.7078152641606937,4.078243273881282,True
BGR,without_tobacco,-1.2727613251799141,within,0.7078152641606937,4.078243273881282,True
BHR,without_tobacco,-3.716034759965112,within,0.7078152641606937,4.078243273881282,True
BHS,without_tobacco,-4.188643107736425,within,0.7078152641606937,4.078243273881282,True
BIH,without_tobacco,3.489769424581752,within,0.7078152641606937,4.078243273881282,True
BLR,without_tobacco,-1.7153587008146474,within,0.7078152641606937,4.078243273881282,False
BLZ,without_tobacco,3.4017324379733793,within,0.7078152641606937,4.078243273881282,True
BOL,without_tobacco,1.0600383114606018,within,0.7078152641606937,4.078243273881282,True
BRA,without_tobacco,-0.013075055012208736,within,0.7078152641606937,4.078243273881282,True
BRN,without_tobacco,-3.641822756861984,within,0.7078152641606937,4.078243273881282,True
BTN,without_tobacco,2.4535527884034423,within,0.7078152641606937,4.078243273881282,True
BWA,without_tobacco,-11.4744611332316,below,0.7078152641606937,4.078243273881282,True
CAN,without_tobacco,0.5981106176353848,within,0.7078152641606937,4.078243273881282,True
CHE,without_tobacco,-0.606375654270721,within,0.7078152641606937,4.078243273881282,True
CHL,without_tobacco,3.430673267708329,within,0.7078152641606937,4.078243273881282,True
CHN,without_tobacco,3.9112359739975773,within,0.7078152641606937,4.078243273881282,True
CIV,without_tobacco,-5.102835501256585,below,0.7078152641606937,4.078243273881282,False
CMR,without_tobacco,-6.784763759117112,below,0.7078152641606937,4.078243273881282,False
COD,without_tobacco,1.2423984117964864,within,0.7078152641606937,4.078243273881282,True
COG,without_tobacco,-5.6617679291041085,below,0.7078152641606937,4.078243273881282,True
COL,without_tobacco,3.5021324432992316,within,0.7078152641606937,4.078243273881282,False
COM,without_tobacco,3.0478517354803643,within,0.7078152641606937,4.078243273881282,True
CPV,without_tobacco,6.134235753653485,above,0.7078152641606937,4.078243273881282,False
CRI,without_tobacco,5.426985387348495,above,0.7078152641606937,4.078243273881282,True
CYP,without_tobacco,3.7606847797723333,within,0.7078152641606937,4.078243273881282,True
CZE,without_tobacco,-0.31659272867133836,within,0.7078152641606937,4.078243273881282,True
DEU,without_tobacco,-1.168721307078016,within,0.7078152641606937,4.078243273881282,True
DNK,without_tobacco,-1.0957410459254646,within,0.7078152641606937,4.078243273881282,True
DZA,without_tobacco,2.828354425261452,within,0.7078152641606937,4.078243273881282,False
ECU,without_tobacco,4.3313014689854015,within,0.7078152641606937,4.078243273881282,False
EGY,without_tobacco,-1.8397261423232294,within,0.7078152641606937,4.078243273881282,True
ESP,without_tobacco,2.934567138142995,within,0.7078152641606937,4.078243273881282,True
EST,without_tobacco,-0.17640610632356868,within,0.7078152641606937,4.078243273881282,True
ETH,without_tobacco,6.210933799822385,above,0.7078152641606937,4.078243273881282,False
FIN,without_tobacco,0.601565440008585,within,0.7078152641606937,4.078243273881282,True
FJI,without_tobacco,-2.867545077944513,within,0.7078152641606937,4.078243273881282,True
FRA,without_tobacco,1.1164448096532453,within,0.7078152641606937,4.078243273881282,True
GAB,without_tobacco,-8.869980811976191,below,0.7078152641606937,4.078243273881282,False
GBR,without_tobacco,0.18270640451133602,within,0.7078152641606937,4.078243273881282,True
GEO,without_tobacco,-0.647184454470974,within,0.7078152641606937,4.078243273881282,True
GHA,without_tobacco,-2.978746504046427,within,0.7078152641606937,4.078243273881282,True
GMB,without_tobacco,1.9819587749885912,within,0.7078152641606937,4.078243273881282,True
GNB,without_tobacco,-5.750198897938354,below,0.7078152641606937,4.078243273881282,False
GRC,without_tobacco,2.919894533383257,within,0.7078152641606937,4.078243273881282,True
GTM,without_tobacco,0.9698569740974676,within,0.7078152641606937,4.078243273881282,True
GUY,without_tobacco,-4.199503924146569,within,0.7078152641606937,4.078243273881282,True
HND,without_tobacco,1.3784719981304647,within,0.7078152641606937,4.078243273881282,True
HRV,without_tobacco,0.982549424230271,within,0.7078152641606937,4.078243273881282,True
HTI,without_tobacco,-2.2647140584925154,within,0.7078152641606937,4.078243273881282,True
HUN,without_tobacco,-1.620644478684099,within,0.7078152641606937,4.078243273881282,True
IDN,without_tobacco,0.5684885278637211,within,0.7078152641606937,4.078243273881282,True
IND,without_tobacco,2.09384443844813,within,0.7078152641606937,4.078243273881282,True
IRL,without_tobacco,-1.330528956048454,within,0.7078152641606937,4.078243273881282,True
IRN,without_tobacco,3.6036787686116725,within,0.7078152641606937,4.078243273881282,False
IRQ,without_tobacco,0.425277114807713,within,0.7078152641606937,4.078243273881282,True
ISL,without_tobacco,1.0549078468384465,within,0.7078152641606937,4.078243273881282,True
ISR,without_tobacco,3.141683230029386,within,0.7078152641606937,4.078243273881282,True
ITA,without_tobacco,2.417657074068117,within,0.7078152641606937,4.078243273881282,True
JAM,without_tobacco,1.3491771723548425,within,0.7078152641606937,4.078243273881282,True
JOR,without_tobacco,7.416440187044415,above,0.7078152641606937,4.078243273881282,True
JPN,without_tobacco,3.88249456373741,within,0.7078152641606937,4.078243273881282,True
KAZ,without_tobacco,-3.278271925502011,within,0.7078152641606937,4.078243273881282,True
KEN,without_tobacco,-1.8109852549434322,within,0.7078152641606937,4.078243273881282,True
KGZ,without_tobacco,3.861717576141146,within,0.7078152641606937,4.078243273881282,True
KHM,without_tobacco,2.094587244337859,within,0.7078152641606937,4.078243273881282,True
KIR,without_tobacco,-2.257973365936465,within,0.7078152641606937,4.078243273881282,False
KOR,without_tobacco,3.295407408163854,within,0.7078152641606937,4.078243273881282,True
KWT,without_tobacco,2.398054345466562,within,0.7078152641606937,4.078243273881282,True
LAO,without_tobacco,-0.10385803057232579,within,0.7078152641606937,4.078243273881282,True
LBN,without_tobacco,4.629912980896364,above,0.7078152641606937,4.078243273881282,False
LBR,without_tobacco,-2.4260076698436848,within,0.7078152641606937,4.078243273881282,True
LBY,without_tobacco,-0.12638567948604873,within,0.7078152641606937,4.078243273881282,True
LCA,without_tobacco,2.78449023655223,within,0.7078152641606937,4.078243273881282,True
LKA,without_tobacco,5.07613395049006,above,0.7078152641606937,4.078243273881282,False
LSO,without_tobacco,-17.426592136106073,below,0.7078152641606937,4.078243273881282,True
LTU,without_tobacco,-3.2784344972393598,within,0.7078152641606937,4.078243273881282,False
LUX,without_tobacco,-1.963706709338254,within,0.7078152641606937,4.078243273881282,True
LVA,without_tobacco,-1.7657326003919707,within,0.7078152641606937,4.078243273881282,True
MAR,without_tobacco,3.686070402978828,within,0.7078152641606937,4.078243273881282,True
MDA,without_tobacco,-0.5063819245734749,within,0.7078152641606937,4.078243273881282,True
MDG,without_tobacco,2.604236746135591,within,0.7078152641606937,4.078243273881282,True
MDV,without_tobacco,2.0766175855644065,within,0.7078152641606937,4.078243273881282,True
MEX,without_tobacco,1.2674125013803632,within,0.7078152641606937,4.078243273881282,True
MKD,without_tobacco,1.2362000770889523,within,0.7078152641606937,4.078243273881282,True
MLI,without_tobacco,-2.5550875003823634,within,0.7078152641606937,4.078243273881282,True
MLT,without_tobacco,2.039459174925696,within,0.7078152641606937,4.078243273881282,True
MMR,without_tobacco,0.32258362408515495,within,0.7078152641606937,4.078243273881282,True
MNE,without_tobacco,1.4241715528237933,within,0.7078152641606937,4.078243273881282,True
MNG,without_tobacco,-2.386644799206721,within,0.7078152641606937,4.078243273881282,True
MOZ,without_tobacco,-5.2127334265085565,below,0.7078152641606937,4.078243273881282,True
MRT,without_tobacco,3.092044256258262,within,0.7078152641606937,4.078243273881282,True
MUS,without_tobacco,-0.9141204336279571,within,0.7078152641606937,4.078243273881282,True
MWI,without_tobacco,0.6892449791349193,within,0.7078152641606937,4.078243273881282,True
MYS,without_tobacco,-1.160949368801539,within,0.7078152641606937,4.078243273881282,True
NER,without_tobacco,-0.526027320551556,within,0.7078152641606937,4.078243273881282,True
NGA,without_tobacco,-6.826562218221632,below,0.7078152641606937,4.078243273881282,False
NLD,without_tobacco,-0.4874449750739984,within,0.7078152641606937,4.078243273881282,True
NOR,without_tobacco,-1.2082496331332777,within,0.7078152641606937,4.078243273881282,True
NPL,without_tobacco,4.665850261616029,above,0.7078152641606937,4.078243273881282,False
NZL,without_tobacco,1.7736141239605558,within,0.7078152641606937,4.078243273881282,True
OMN,without_tobacco,-3.7894961021371643,within,0.7078152641606937,4.078243273881282,True
PAK,without_tobacco,0.6465314515432681,within,0.7078152641606937,4.078243273881282,True
PAN,without_tobacco,1.113408155367253,within,0.7078152641606937,4.078243273881282,False
PER,without_tobacco,8.164477660808416,above,0.7078152641606937,4.078243273881282,True
PHL,without_tobacco,0.8871381788180486,within,0.7078152641606937,4.078243273881282,True
PNG,without_tobacco,2.5860971001887947,within,0.7078152641606937,4.078243273881282,True
POL,without_tobacco,0.185942374612992,within,0.7078152641606937,4.078243273881282,True
PRT,without_tobacco,2.431919998645327,within,0.7078152641606937,4.078243273881282,True
PRY,without_tobacco,2.2358127078447865,within,0.7078152641606937,4.078243273881282,True
PSE,without_tobacco,5.905515453609979,above,0.7078152641606937,4.078243273881282,False
QAT,without_tobacco,-5.557671001783788,below,0.7078152641606937,4.078243273881282,False
ROU,without_tobacco,-0.9082903428610081,within,0.7078152641606937,4.078243273881282,True
RUS,without_tobacco,-5.637167710219785,below,0.7078152641606937,4.078243273881282,True
RWA,without_tobacco,4.12318074835931,within,0.7078152641606937,4.078243273881282,True
SAU,without_tobacco,-3.3955840001584647,within,0.7078152641606937,4.078243273881282,True
SEN,without_tobacco,2.8093828593976298,within,0.7078152641606937,4.078243273881282,True
SGP,without_tobacco,-0.056380847025337744,within,0.7078152641606937,4.078243273881282,True
SLB,without_tobacco,2.148588103127011,within,0.7078152641606937,4.078243273881282,True
SLE,without_tobacco,-9.115751130036536,below,0.7078152641606937,4.078243273881282,False
SLV,without_tobacco,1.5613202440110854,within,0.7078152641606937,4.078243273881282,True
SRB,without_tobacco,0.5729540902687233,within,0.7078152641606937,4.078243273881282,True
STP,without_tobacco,3.8593646115552787,within,0.7078152641606937,4.078243273881282,False
SVK,without_tobacco,-1.0409987971505927,within,0.7078152641606937,4.078243273881282,True
SVN,without_tobacco,1.7784608028897537,within,0.7078152641606937,4.078243273881282,True
SWE,without_tobacco,0.17222244523279073,within,0.7078152641606937,4.078243273881282,True
SWZ,without_tobacco,-18.96929617499132,below,0.7078152641606937,4.078243273881282,True
SYC,without_tobacco,-2.1404121916429517,within,0.7078152641606937,4.078243273881282,True
TCD,without_tobacco,-5.108169389412602,below,0.7078152641606937,4.078243273881282,False
TGO,without_tobacco,-1.7921715473194126,within,0.7078152641606937,4.078243273881282,True
THA,without_tobacco,3.75180328190325,within,0.7078152641606937,4.078243273881282,True
TKM,without_tobacco,-3.744078739599516,within,0.7078152641606937,4.078243273881282,True
TLS,without_tobacco,1.240365764593136,within,0.7078152641606937,4.078243273881282,False
TON,without_tobacco,6.432604512228366,above,0.7078152641606937,4.078243273881282,False
TUN,without_tobacco,4.720876501675264,above,0.7078152641606937,4.078243273881282,False
TUR,without_tobacco,1.3805341610650999,within,0.7078152641606937,4.078243273881282,True
TZA,without_tobacco,2.0569435512542,within,0.7078152641606937,4.078243273881282,True
UGA,without_tobacco,1.045018582846815,within,0.7078152641606937,4.078243273881282,True
UKR,without_tobacco,-0.7665061626600647,within,0.7078152641606937,4.078243273881282,True
URY,without_tobacco,0.21149734071860848,within,0.7078152641606937,4.078243273881282,True
USA,without_tobacco,-4.438094146732709,within,0.7078152641606937,4.078243273881282,False
UZB,without_tobacco,0.5066662525964176,within,0.7078152641606937,4.078243273881282,True
VNM,without_tobacco,3.191901472897996,within,0.7078152641606937,4.078243273881282,True
VUT,without_tobacco,2.2214246396358845,within,0.7078152641606937,4.078243273881282,True
WSM,without_tobacco,2.1589404408507704,within,0.7078152641606937,4.078243273881282,True
ZAF,without_tobacco,-10.38811135329805,below,0.7078152641606937,4.078243273881282,True
ZMB,without_tobacco,-4.500846254780292,below,0.7078152641606937,4.078243273881282,False
ZWE,without_tobacco,-9.21545929750365,below,0.7078152641606937,4.078243273881282,True
AFG,resources_only,-4.924967326838697,below,0.711347879738797,4.053514608745849,False
ALB,resources_only,5.167324080161492,above,0.711347879738797,4.053514608745849,False
ARE,resources_only,0.03809510998928545,within,0.711347879738797,4.053514608745849,True
ARG,resources_only,-0.5870023043426755,within,0.711347879738797,4.053514608745849,True
ARM,resources_only,1.2250584396647923,within,0.711347879738797,4.053514608745849,True
AUS,resources_only,1.248599117578408,within,0.711347879738797,4.053514608745849,True
AUT,resources_only,-0.5827146841627808,within,0.711347879738797,4.053514608745849,True
AZE,resources_only,-0.03202959074050682,within,0.711347879738797,4.053514608745849,True
BDI,resources_only,4.601767881239191,above,0.711347879738797,4.053514608745849,False
BEL,resources_only,-0.583207525524017,within,0.711347879738797,4.053514608745849,True
BEN,resources_only,-0.11435348289380443,within,0.711347879738797,4.053514608745849,True
BFA,resources_only,-1.008878096169255,within,0.711347879738797,4.053514608745849,True
BGD,resources_only,8.285315924632158,above,0.711347879738797,4.053514608745849,True
BGR,resources_only,-1.2468334434010728,within,0.711347879738797,4.053514608745849,True
BHR,resources_only,-3.7701323642548914,within,0.711347879738797,4.053514608745849,True
BHS,resources_only,-4.248282571216606,within,0.711347879738797,4.053514608745849,True
BIH,resources_only,3.503700073004822,within,0.711347879738797,4.053514608745849,True
BLR,resources_only,-1.717954216027266,within,0.711347879738797,4.053514608745849,False
BLZ,resources_only,3.1637131610573164,within,0.711347879738797,4.053514608745849,True
BOL,resources_only,1.0169181772040332,within,0.711347879738797,4.053514608745849,True
BRA,resources_only,-0.01836977109792315,within,0.711347879738797,4.053514608745849,True
BRN,resources_only,-3.664080444050356,within,0.711347879738797,4.053514608745849,True
BTN,resources_only,2.5181109370291352,within,0.711347879738797,4.053514608745849,True
BWA,resources_only,-11.427792599108187,below,0.711347879738797,4.053514608745849,True
CAN,resources_only,0.6029693394626747,within,0.711347879738797,4.053514608745849,True
CHE,resources_only,-0.4527461980705425,within,0.711347879738797,4.053514608745849,True
CHL,resources_only,3.329498968788158,within,0.711347879738797,4.053514608745849,True
CHN,resources_only,3.9778108860454893,within,0.711347879738797,4.053514608745849,True
CIV,resources_only,-5.047960548307252,below,0.711347879738797,4.053514608745849,False
CMR,resources_only,-6.770346572837099,below,0.711347879738797,4.053514608745849,False
COD,resources_only,1.2782612540892941,within,0.711347879738797,4.053514608745849,True
COG,resources_only,-5.594083112537369,below,0.711347879738797,4.053514608745849,True
COL,resources_only,3.5052752613444937,within,0.711347879738797,4.053514608745849,False
COM,resources_only,3.058146004956825,within,0.711347879738797,4.053514608745849,True
CPV,resources_only,6.1623639961850785,above,0.711347879738797,4.053514608745849,False
CRI,resources_only,5.369163805263767,above,0.711347879738797,4.053514608745849,True
CYP,resources_only,3.7737314465620955,within,0.711347879738797,4.053514608745849,True
CZE,resources_only,-0.3099814121791127,within,0.711347879738797,4.053514608745849,True
DEU,resources_only,-1.1203635279233595,within,0.711347879738797,4.053514608745849,True
DNK,resources_only,-0.9735377069240911,within,0.711347879738797,4.053514608745849,True
DZA,resources_only,2.826177328842732,within,0.711347879738797,4.053514608745849,False
ECU,resources_only,4.305506904302675,within,0.711347879738797,4.053514608745849,False
EGY,resources_only,-1.960552934751206,within,0.711347879738797,4.053514608745849,True
ESP,resources_only,2.9738218104216543,within,0.711347879738797,4.053514608745849,True
EST,resources_only,-0.15719005803224206,within,0.711347879738797,4.053514608745849,True
ETH,resources_only,6.254059909459684,above,0.711347879738797,4.053514608745849,False
FIN,resources_only,0.6415294020673059,within,0.711347879738797,4.053514608745849,True
FJI,resources_only,-2.947086081377563,within,0.711347879738797,4.053514608745849,True
FRA,resources_only,1.2132513641426925,within,0.711347879738797,4.053514608745849,True
GAB,resources_only,-8.852692165188785,below,0.711347879738797,4.053514608745849,False
GBR,resources_only,0.1798456855877788,within,0.711347879738797,4.053514608745849,True
GEO,resources_only,-0.718657436156235,within,0.711347879738797,4.053514608745849,True
GHA,resources_only,-2.9376073302100565,within,0.711347879738797,4.053514608745849,True
GMB,resources_only,2.0047354572031537,within,0.711347879738797,4.053514608745849,True
GNB,resources_only,-5.711123034947775,below,0.711347879738797,4.053514608745849,False
GRC,resources_only,2.901235579100941,within,0.711347879738797,4.053514608745849,True
GTM,resources_only,0.941982973019222,within,0.711347879738797,4.053514608745849,True
GUY,resources_only,-4.235547231508789,within,0.711347879738797,4.053514608745849,True
HND,resources_only,1.2976631867471582,within,0.711347879738797,4.053514608745849,True
HRV,resources_only,0.959375382886094,within,0.711347879738797,4.053514608745849,True
HTI,resources_only,-2.2200769078000917,within,0.711347879738797,4.053514608745849,True
HUN,resources_only,-1.6536968374534808,within,0.711347879738797,4.053514608745849,True
IDN,resources_only,0.6516071315225531,within,0.711347879738797,4.053514608745849,True
IND,resources_only,2.1662065926716423,within,0.711347879738797,4.053514608745849,True
IRL,resources_only,-1.3229045727944992,within,0.711347879738797,4.053514608745849,True
IRN,resources_only,3.593702948880278,within,0.711347879738797,4.053514608745849,False
IRQ,resources_only,0.2602150696011165,within,0.711347879738797,4.053514608745849,True
ISL,resources_only,1.1021736933676323,within,0.711347879738797,4.053514608745849,True
ISR,resources_only,3.1520903872340114,within,0.711347879738797,4.053514608745849,True
ITA,resources_only,2.481394159186621,within,0.711347879738797,4.053514608745849,True
JAM,resources_only,1.2544515706675412,within,0.711347879738797,4.053514608745849,True
JOR,resources_only,7.1155762853901905,above,0.711347879738797,4.053514608745849,True
JPN,resources_only,3.9480005437849712,within,0.711347879738797,4.053514608745849,True
KAZ,resources_only,-3.246655927742026,within,0.711347879738797,4.053514608745849,True
KEN,resources_only,-1.755319143375175,within,0.711347879738797,4.053514608745849,True
KGZ,resources_only,3.8599486866383046,within,0.711347879738797,4.053514608745849,True
KHM,resources_only,2.1755282632431374,within,0.711347879738797,4.053514608745849,True
KIR,resources_only,-2.378030070432203,within,0.711347879738797,4.053514608745849,False
KOR,resources_only,3.3768953379354087,within,0.711347879738797,4.053514608745849,True
KWT,resources_only,2.213056520539311,within,0.711347879738797,4.053514608745849,True
LAO,resources_only,-0.024684649890517107,within,0.711347879738797,4.053514608745849,True
LBN,resources_only,4.550514546797828,above,0.711347879738797,4.053514608745849,False
LBR,resources_only,-2.401852635066014,within,0.711347879738797,4.053514608745849,True
LBY,resources_only,-0.2295146169147273,within,0.711347879738797,4.053514608745849,True
LCA,resources_only,2.7041458320446736,within,0.711347879738797,4.053514608745849,True
LKA,resources_only,5.128373527466351,above,0.711347879738797,4.053514608745849,False
LSO,resources_only,-17.442268584507254,below,0.711347879738797,4.053514608745849,True
LTU,resources_only,-3.2701755399428265,within,0.711347879738797,4.053514608745849,False
LUX,resources_only,-1.8717656972893337,within,0.711347879738797,4.053514608745849,True
LVA,resources_only,-1.7629271247389227,within,0.711347879738797,4.053514608745849,True
MAR,resources_only,3.677939395854736,within,0.711347879738797,4.053514608745849,True
MDA,resources_only,-0.5440409639142558,within,0.711347879738797,4.053514608745849,True
MDG,resources_only,2.6613630208647905,within,0.711347879738797,4.053514608745849,True
MDV,resources_only,2.140016905761101,within,0.711347879738797,4.053514608745849,True
MEX,resources_only,1.1711327997301595,within,0.711347879738797,4.053514608745849,True
MKD,resources_only,1.209442232963923,within,0.711347879738797,4.053514608745849,True
MLI,resources_only,-2.5255162545341534,within,0.711347879738797,4.053514608745849,True
MLT,resources_only,1.9840070330536435,within,0.711347879738797,4.053514608745849,True
MMR,resources_only,0.3990602278637283,within,0.711347879738797,4.053514608745849,True
MNE,resources_only,1.4720304736300562,within,0.711347879738797,4.053514608745849,True
MNG,resources_only,-2.391932017204411,within,0.711347879738797,4.053514608745849,True
MOZ,resources_only,-5.174517771404155,below,0.711347879738797,4.053514608745849,True
MRT,resources_only,3.0548211546898614,within,0.711347879738797,4.053514608745849,True
MUS,resources_only,-0.8827731574592406,within,0.711347879738797,4.053514608745849,True
MWI,resources_only,0.7374960157080537,within,0.711347879738797,4.053514608745849,True
MYS,resources_only,-1.1305646124434077,within,0.711347879738797,4.053514608745849,True
NER,resources_only,-0.4749048196486356,within,0.711347879738797,4.053514608745849,True
NGA,resources_only,-6.756560860090524,below,0.711347879738797,4.053514608745849,False
NLD,resources_only,-0.3806740067954877,within,0.711347879738797,4.053514608745849,True
NOR,resources_only,-1.1206331947440447,within,0.711347879738797,4.053514608745849,True
NPL,resources_only,4.717831429507072,above,0.711347879738797,4.053514608745849,False
NZL,resources_only,1.718805069389262,within,0.711347879738797,4.053514608745849,True
OMN,resources_only,-3.816616758990662,within,0.711347879738797,4.053514608745849,True
PAK,resources_only,0.6319331125181975,within,0.711347879738797,4.053514608745849,True
PAN,resources_only,1.0534886164315935,within,0.711347879738797,4.053514608745849,False
PER,resources_only,8.145847720635956,above,0.711347879738797,4.053514608745849,True
PHL,resources_only,0.9624586734561831,within,0.711347879738797,4.053514608745849,True
PNG,resources_only,2.46679329529389,within,0.711347879738797,4.053514608745849,True
POL,resources_only,0.19497613090543098,within,0.711347879738797,4.053514608745849,True
PRT,resources_only,2.4684582171017126,within,0.711347879738797,4.053514608745849,True
PRY,resources_only,2.164658985931055,within,0.711347879738797,4.053514608745849,True
PSE,resources_only,5.613815243749542,above,0.711347879738797,4.053514608745849,False
QAT,resources_only,-5.607820714016256,below,0.711347879738797,4.053514608745849,False
ROU,resources_only,-0.932878946245836,within,0.711347879738797,4.053514608745849,True
RUS,resources_only,-5.61355640633073,below,0.711347879738797,4.053514608745849,True
RWA,resources_only,4.177903623728781,within,0.711347879738797,4.053514608745849,True
SAU,resources_only,-3.4631381460665125,within,0.711347879738797,4.053514608745849,True
SEN,resources_only,2.848359329075251,within,0.711347879738797,4.053514608745849,True
SGP,resources_only,0.08649012795922317,within,0.711347879738797,4.053514608745849,True
SLB,resources_only,2.0867600264872266,within,0.711347879738797,4.053514608745849,True
SLE,resources_only,-9.001323986106677,below,0.711347879738797,4.053514608745849,False
SLV,resources_only,1.4825349388744513,within,0.711347879738797,4.053514608745849,True
SRB,resources_only,0.5890522416680426,within,0.711347879738797,4.053514608745849,True
STP,resources_only,3.876179209535252,within,0.711347879738797,4.053514608745849,False
SVK,resources_only,-1.0321542289817671,within,0.711347879738797,4.053514608745849,True
SVN,resources_only,1.8318820675592917,within,0.711347879738797,4.053514608745849,True
SWE,resources_only,0.26003195782524813,within,0.711347879738797,4.053514608745849,True
SWZ,resources_only,-18.97269586768595,below,0.711347879738797,4.053514608745849,True
SYC,resources_only,-2.1865535494506787,within,0.711347879738797,4.053514608745849,True
TCD,resources_only,-5.0310793134459715,below,0.711347879738797,4.053514608745849,False
TGO,resources_only,-1.7556203066929257,within,0.711347879738797,4.053514608745849,True
THA,resources_only,3.807419851646628,within,0.711347879738797,4.053514608745849,True
TKM,resources_only,-3.7348004889342263,within,0.711347879738797,4.053514608745849,True
TLS,resources_only,1.3374035129245385,within,0.711347879738797,4.053514608745849,False
TON,resources_only,4.973711761265037,above,0.711347879738797,4.053514608745849,False
TUN,resources_only,4.680915884216404,above,0.711347879738797,4.053514608745849,False
TUR,resources_only,1.3054488017614432,within,0.711347879738797,4.053514608745849,True
TZA,resources_only,2.091250855543578,within,0.711347879738797,4.053514608745849,True
UGA,resources_only,1.0997441119833837,within,0.711347879738797,4.053514608745849,True
UKR,resources_only,-0.7918323195997772,within,0.711347879738797,4.053514608745849,True
URY,resources_only,0.17152411617050234,within,0.711347879738797,4.053514608745849,True
USA,resources_only,-4.497150202556654,below,0.711347879738797,4.053514608745849,False
UZB,resources_only,0.45063603883538406,within,0.711347879738797,4.053514608745849,True
VNM,resources_only,3.272217193800458,within,0.711347879738797,4.053514608745849,True
VUT,resources_only,2.1668817787406454,within,0.711347879738797,4.053514608745849,True
WSM,resources_only,1.5710854760002633,within,0.711347879738797,4.053514608745849,True
ZAF,resources_only,-10.408373528547337,below,0.711347879738797,4.053514608745849,True
ZMB,resources_only,-4.443425012728987,within,0.711347879738797,4.053514608745849,False
ZWE,resources_only,-9.175459811741995,below,0.711347879738797,4.053514608745849,True
